age,sex,chest_pain_type,resting_blood_pressure,cholesterol,fasting_blood_sugar,resting_ecg,max_heart_rate,exercise_induced_angina,oldpeak,num_major_vessels,thalassemia,bmi,hospital_branch,diagnosis
57.0,male,non_anginal_pain,149.0,272.0,no,,140.0,no,1.5,0,normal,20.6,Branch_B,0
45.0,male,asymptomatic,102.0,172.0,yes,st_t_abnormality,154.0,yes,0.9,0,,26.5,Branch_A,1
61.0,male,non_anginal_pain,147.0,339.0,no,normal,164.0,yes,1.6,0,normal,26.0,Branch_D,1
62.0,male,asymptomatic,127.0,214.0,no,lv_hypertrophy,130.0,no,1.9,3,normal,26.9,Branch_N,1
36.0,female,asymptomatic,127.0,255.0,yes,st_t_abnormality,148.0,yes,0.0,0,reversible_defect,28.6,Branch_J,0
42.0,male,atypical_angina,138.0,290.0,no,normal,144.0,no,1.4,1,fixed_defect,34.7,Branch_K,1
55.0,male,atypical_angina,141.0,195.0,no,st_t_abnormality,138.0,no,0.6,0,normal,20.3,Branch_J,0
51.0,male,non_anginal_pain,117.0,,no,lv_hypertrophy,140.0,no,2.5,2,,31.4,Branch_I,0
54.0,male,non_anginal_pain,143.0,255.0,no,normal,176.0,no,0.7,0,normal,16.2,Branch_D,1
46.0,male,non_anginal_pain,133.0,395.0,no,st_t_abnormality,136.0,no,0.2,1,reversible_defect,33.8,Branch_G,1
62.0,male,typical_angina,110.0,262.0,no,normal,163.0,no,0.7,3,reversible_defect,18.3,Branch_I,1
61.0,male,non_anginal_pain,128.0,,no,normal,157.0,yes,3.9,0,reversible_defect,,Branch_O,1
55.0,female,non_anginal_pain,154.0,309.0,yes,st_t_abnormality,118.0,yes,1.1,0,,25.7,Branch_N,1
64.0,female,non_anginal_pain,160.0,,no,normal,162.0,no,2.1,2,reversible_defect,33.3,Branch_L,1
58.0,male,asymptomatic,143.0,195.0,no,normal,117.0,no,0.3,0,reversible_defect,32.4,Branch_M,0
46.0,male,asymptomatic,111.0,301.0,yes,normal,164.0,yes,0.5,0,,25.5,Branch_M,1
57.0,male,non_anginal_pain,139.0,168.0,no,normal,138.0,no,0.9,0,normal,25.9,Branch_K,0
45.0,male,asymptomatic,145.0,329.0,no,normal,150.0,no,2.1,2,normal,23.7,Branch_M,1
62.0,male,non_anginal_pain,143.0,256.0,no,st_t_abnormality,120.0,yes,0.4,3,normal,31.0,Branch_B,1
54.0,female,non_anginal_pain,144.0,126.0,no,normal,153.0,yes,0.6,1,normal,25.6,Branch_A,0
52.0,female,non_anginal_pain,137.0,228.0,no,normal,171.0,no,0.0,1,reversible_defect,23.8,Branch_G,0
48.0,female,typical_angina,,280.0,no,lv_hypertrophy,131.0,yes,0.3,0,,29.9,Branch_A,0
65.0,male,atypical_angina,121.0,234.0,yes,lv_hypertrophy,136.0,yes,3.3,0,normal,23.5,Branch_F,1
53.0,female,non_anginal_pain,99.0,283.0,no,normal,160.0,no,1.1,0,reversible_defect,26.0,Branch_C,0
50.0,male,asymptomatic,137.0,202.0,yes,normal,161.0,no,3.3,0,normal,28.0,Branch_O,1
51.0,male,asymptomatic,134.0,178.0,yes,normal,94.0,no,1.8,0,reversible_defect,24.6,Branch_J,0
59.0,male,typical_angina,140.0,242.0,no,normal,196.0,no,2.3,1,reversible_defect,25.3,Branch_A,1
57.0,female,non_anginal_pain,108.0,248.0,no,,162.0,no,0.3,0,reversible_defect,34.4,Branch_J,0
58.0,male,atypical_angina,142.0,228.0,no,lv_hypertrophy,166.0,no,5.8,0,reversible_defect,26.6,Branch_K,1
58.0,female,asymptomatic,166.0,310.0,yes,st_t_abnormality,147.0,no,0.6,0,normal,25.9,Branch_E,1
73.0,male,asymptomatic,132.0,202.0,no,normal,107.0,no,1.1,0,normal,26.7,Branch_N,0
50.0,female,non_anginal_pain,130.0,262.0,no,lv_hypertrophy,166.0,no,1.8,0,reversible_defect,29.5,Branch_O,0
49.0,male,non_anginal_pain,136.0,250.0,yes,,137.0,no,1.3,0,normal,22.8,Branch_O,0
47.0,male,atypical_angina,166.0,165.0,no,normal,163.0,no,0.1,0,normal,29.4,Branch_B,0
60.0,female,non_anginal_pain,114.0,,yes,normal,145.0,yes,0.8,0,fixed_defect,28.7,Branch_G,0
64.0,male,asymptomatic,134.0,247.0,no,normal,155.0,no,3.1,2,normal,19.5,Branch_L,1
53.0,male,asymptomatic,117.0,349.0,no,lv_hypertrophy,132.0,no,3.0,2,normal,35.6,Branch_G,1
46.0,male,non_anginal_pain,122.0,276.0,no,normal,170.0,yes,1.2,2,normal,34.1,Branch_H,0
47.0,male,atypical_angina,130.0,156.0,no,st_t_abnormality,123.0,yes,0.7,1,normal,,Branch_E,0
60.0,male,typical_angina,154.0,126.0,no,normal,202.0,no,0.9,3,reversible_defect,22.4,Branch_G,0
61.0,male,typical_angina,162.0,284.0,no,lv_hypertrophy,201.0,no,0.3,0,normal,28.5,Branch_K,0
59.0,male,atypical_angina,139.0,241.0,no,st_t_abnormality,188.0,no,0.3,1,normal,21.1,Branch_A,0
48.0,female,atypical_angina,125.0,305.0,no,normal,179.0,no,1.7,0,normal,33.6,Branch_L,0
56.0,male,asymptomatic,173.0,200.0,no,normal,148.0,yes,0.3,0,fixed_defect,25.4,Branch_K,1
55.0,male,non_anginal_pain,124.0,264.0,no,lv_hypertrophy,177.0,yes,1.0,0,normal,34.8,Branch_C,1
56.0,male,atypical_angina,121.0,290.0,no,st_t_abnormality,148.0,no,3.6,0,,23.8,Branch_L,0
62.0,male,typical_angina,101.0,223.0,no,normal,114.0,yes,1.1,2,reversible_defect,27.0,Branch_H,1
56.0,male,atypical_angina,155.0,224.0,yes,lv_hypertrophy,185.0,no,1.2,0,normal,33.2,Branch_E,1
60.0,female,asymptomatic,147.0,247.0,no,normal,176.0,yes,1.0,1,reversible_defect,26.0,Branch_G,1
55.0,female,atypical_angina,172.0,274.0,no,normal,149.0,no,2.8,2,normal,28.7,Branch_H,1
57.0,male,asymptomatic,107.0,245.0,no,st_t_abnormality,122.0,no,1.1,0,normal,32.4,Branch_D,1
60.0,male,asymptomatic,156.0,297.0,no,normal,137.0,yes,0.2,0,normal,25.0,Branch_J,1
41.0,male,typical_angina,132.0,222.0,no,normal,108.0,no,0.8,0,reversible_defect,21.8,Branch_J,0
51.0,male,non_anginal_pain,145.0,177.0,no,normal,172.0,no,0.3,0,normal,20.9,Branch_F,0
50.0,male,asymptomatic,103.0,349.0,no,normal,113.0,yes,0.8,3,normal,30.1,Branch_G,1
48.0,male,non_anginal_pain,156.0,215.0,no,normal,157.0,no,0.2,1,normal,29.2,Branch_J,0
52.0,male,typical_angina,144.0,216.0,no,normal,131.0,no,1.0,1,normal,32.3,Branch_H,0
67.0,male,asymptomatic,130.0,243.0,no,lv_hypertrophy,117.0,no,0.4,0,reversible_defect,26.3,Branch_G,1
46.0,male,asymptomatic,142.0,249.0,no,st_t_abnormality,155.0,no,1.4,1,reversible_defect,21.1,Branch_O,1
63.0,male,non_anginal_pain,118.0,226.0,no,normal,142.0,no,0.7,1,normal,16.9,Branch_N,1
39.0,male,non_anginal_pain,,245.0,yes,normal,169.0,yes,0.3,0,normal,40.4,Branch_F,0
51.0,male,atypical_angina,123.0,,no,st_t_abnormality,121.0,yes,0.5,0,normal,29.9,Branch_K,0
55.0,female,asymptomatic,100.0,255.0,yes,normal,133.0,no,1.1,0,reversible_defect,28.1,Branch_M,0
59.0,male,non_anginal_pain,146.0,126.0,yes,normal,95.0,no,0.3,0,normal,28.8,Branch_B,0
60.0,male,typical_angina,151.0,344.0,no,st_t_abnormality,100.0,no,0.1,2,normal,21.1,Branch_I,1
61.0,male,asymptomatic,119.0,238.0,no,normal,191.0,yes,1.9,1,reversible_defect,23.9,Branch_L,1
51.0,female,asymptomatic,137.0,276.0,no,st_t_abnormality,198.0,no,0.3,0,reversible_defect,35.3,Branch_A,0
50.0,male,asymptomatic,126.0,174.0,no,lv_hypertrophy,152.0,no,0.9,3,normal,30.5,Branch_F,0
62.0,female,atypical_angina,137.0,222.0,no,lv_hypertrophy,131.0,yes,0.5,0,normal,24.1,Branch_L,0
52.0,female,typical_angina,120.0,211.0,no,normal,143.0,no,0.3,0,reversible_defect,22.0,Branch_O,0
43.0,male,asymptomatic,116.0,322.0,no,normal,170.0,no,2.1,3,reversible_defect,25.2,Branch_O,1
44.0,male,asymptomatic,149.0,216.0,no,normal,138.0,yes,4.5,3,normal,26.1,Branch_J,1
46.0,male,non_anginal_pain,130.0,285.0,no,st_t_abnormality,155.0,no,0.3,1,normal,36.7,Branch_A,0
58.0,female,non_anginal_pain,165.0,212.0,no,lv_hypertrophy,150.0,yes,1.2,0,normal,26.7,Branch_A,0
55.0,male,non_anginal_pain,132.0,222.0,no,lv_hypertrophy,137.0,no,0.7,3,normal,22.1,Branch_M,0
60.0,female,non_anginal_pain,115.0,233.0,no,normal,138.0,yes,2.5,2,normal,27.2,Branch_L,1
50.0,male,typical_angina,152.0,313.0,no,lv_hypertrophy,157.0,yes,0.9,1,reversible_defect,28.7,Branch_C,1
55.0,male,typical_angina,142.0,,no,st_t_abnormality,128.0,yes,0.2,0,normal,21.7,Branch_B,1
60.0,male,atypical_angina,143.0,178.0,no,lv_hypertrophy,160.0,yes,2.5,0,normal,29.3,Branch_C,1
51.0,female,asymptomatic,151.0,,no,st_t_abnormality,139.0,yes,4.2,2,reversible_defect,32.9,Branch_N,0
58.0,male,typical_angina,120.0,189.0,no,normal,153.0,no,1.1,2,normal,28.1,Branch_L,0
48.0,male,atypical_angina,129.0,204.0,no,normal,182.0,yes,0.2,1,normal,23.9,Branch_O,0
51.0,female,non_anginal_pain,128.0,162.0,no,lv_hypertrophy,146.0,yes,2.4,0,reversible_defect,25.1,Branch_B,0
51.0,female,atypical_angina,109.0,208.0,no,normal,171.0,yes,0.5,1,normal,20.0,Branch_K,0
43.0,male,atypical_angina,127.0,141.0,no,normal,109.0,no,0.3,0,reversible_defect,26.9,Branch_N,0
58.0,male,non_anginal_pain,154.0,193.0,yes,,139.0,yes,1.2,0,normal,28.9,Branch_H,0
50.0,male,atypical_angina,135.0,308.0,no,normal,151.0,no,3.3,0,normal,23.5,Branch_L,1
54.0,female,non_anginal_pain,108.0,267.0,no,lv_hypertrophy,194.0,no,1.7,0,fixed_defect,36.2,Branch_J,0
58.0,male,asymptomatic,105.0,,no,normal,105.0,no,1.6,2,normal,31.1,Branch_A,1
58.0,female,atypical_angina,159.0,,no,normal,148.0,yes,0.2,0,normal,19.4,Branch_G,0
60.0,male,asymptomatic,129.0,166.0,no,st_t_abnormality,184.0,no,1.8,0,normal,19.5,Branch_D,0
53.0,male,asymptomatic,120.0,187.0,no,st_t_abnormality,132.0,no,1.4,3,fixed_defect,23.1,Branch_B,0
50.0,male,asymptomatic,126.0,244.0,no,normal,145.0,yes,0.9,1,normal,34.6,Branch_I,1
53.0,male,non_anginal_pain,106.0,291.0,no,normal,158.0,no,0.8,0,reversible_defect,31.5,Branch_N,1
39.0,female,non_anginal_pain,155.0,293.0,no,normal,154.0,no,0.0,0,fixed_defect,34.8,Branch_A,1
41.0,male,non_anginal_pain,124.0,279.0,no,normal,186.0,yes,0.1,2,normal,,Branch_E,1
42.0,male,asymptomatic,154.0,208.0,yes,normal,160.0,no,1.1,0,normal,26.6,Branch_K,0
45.0,female,typical_angina,132.0,247.0,no,normal,181.0,no,2.7,0,normal,21.9,Branch_E,0
58.0,female,asymptomatic,155.0,229.0,no,st_t_abnormality,142.0,yes,1.3,0,fixed_defect,29.1,Branch_B,1
46.0,female,non_anginal_pain,135.0,236.0,yes,lv_hypertrophy,133.0,no,1.0,0,normal,26.6,Branch_C,0
51.0,male,asymptomatic,146.0,352.0,no,lv_hypertrophy,145.0,yes,0.2,1,reversible_defect,26.4,Branch_A,1
66.0,male,atypical_angina,,154.0,no,normal,123.0,yes,1.2,0,normal,34.8,Branch_O,0
51.0,female,typical_angina,142.0,234.0,yes,normal,161.0,yes,0.0,0,normal,26.9,Branch_H,1
61.0,male,non_anginal_pain,137.0,309.0,no,lv_hypertrophy,141.0,no,2.4,0,reversible_defect,33.5,Branch_O,1
46.0,male,non_anginal_pain,127.0,170.0,no,st_t_abnormality,135.0,no,0.8,0,normal,20.4,Branch_K,1
52.0,female,non_anginal_pain,164.0,213.0,no,st_t_abnormality,161.0,no,0.5,0,normal,39.6,Branch_F,0
45.0,male,atypical_angina,116.0,218.0,no,normal,124.0,no,1.7,2,reversible_defect,25.8,Branch_O,1
51.0,male,atypical_angina,131.0,234.0,no,normal,168.0,no,0.5,0,,30.7,Branch_D,0
62.0,female,non_anginal_pain,131.0,163.0,no,st_t_abnormality,139.0,no,1.7,0,normal,31.4,Branch_C,0
38.0,male,atypical_angina,138.0,277.0,yes,st_t_abnormality,177.0,no,0.7,0,normal,25.3,Branch_M,0
58.0,male,asymptomatic,124.0,281.0,no,normal,141.0,yes,2.9,1,,31.2,Branch_I,1
56.0,male,atypical_angina,136.0,272.0,no,lv_hypertrophy,165.0,no,0.7,0,fixed_defect,31.4,Branch_G,0
49.0,male,atypical_angina,128.0,201.0,no,,154.0,no,0.4,3,normal,24.3,Branch_I,0
41.0,male,atypical_angina,104.0,250.0,yes,st_t_abnormality,167.0,no,1.0,1,fixed_defect,24.3,Branch_O,1
55.0,female,non_anginal_pain,131.0,199.0,no,normal,153.0,no,1.0,0,reversible_defect,27.7,Branch_E,0
49.0,female,non_anginal_pain,112.0,229.0,yes,st_t_abnormality,112.0,no,2.5,1,reversible_defect,27.0,Branch_N,0
56.0,male,non_anginal_pain,102.0,358.0,no,st_t_abnormality,173.0,yes,0.4,0,,33.8,Branch_N,0
54.0,male,asymptomatic,133.0,,no,normal,148.0,no,2.0,3,normal,30.7,Branch_L,1
68.0,female,atypical_angina,139.0,184.0,no,st_t_abnormality,168.0,no,0.7,3,normal,27.2,Branch_C,0
52.0,male,asymptomatic,140.0,255.0,no,st_t_abnormality,166.0,no,1.2,0,normal,30.2,Branch_B,0
45.0,male,typical_angina,141.0,176.0,no,lv_hypertrophy,132.0,yes,1.7,1,normal,18.3,Branch_B,0
56.0,male,atypical_angina,98.0,184.0,no,normal,129.0,yes,0.2,0,reversible_defect,24.7,Branch_K,0
56.0,female,non_anginal_pain,108.0,192.0,no,lv_hypertrophy,165.0,no,0.5,0,normal,28.8,Branch_F,0
66.0,male,typical_angina,165.0,223.0,no,normal,143.0,no,0.6,2,normal,32.5,Branch_O,1
62.0,male,non_anginal_pain,113.0,295.0,no,normal,172.0,no,0.1,3,normal,28.4,Branch_A,0
57.0,male,asymptomatic,141.0,276.0,no,normal,146.0,no,0.4,0,reversible_defect,34.1,Branch_F,0
67.0,male,asymptomatic,119.0,273.0,no,normal,174.0,yes,0.2,1,normal,31.4,Branch_D,1
43.0,male,non_anginal_pain,132.0,189.0,no,normal,160.0,yes,2.0,1,reversible_defect,25.3,Branch_N,0
48.0,male,non_anginal_pain,120.0,218.0,yes,normal,157.0,no,0.9,0,reversible_defect,26.9,Branch_B,0
46.0,male,atypical_angina,141.0,260.0,no,st_t_abnormality,141.0,yes,0.5,1,normal,29.3,Branch_G,1
50.0,male,typical_angina,133.0,213.0,yes,normal,155.0,no,2.9,1,fixed_defect,25.5,Branch_N,0
42.0,male,typical_angina,123.0,232.0,no,lv_hypertrophy,177.0,no,0.2,2,normal,34.4,Branch_O,0
60.0,male,asymptomatic,113.0,269.0,no,normal,149.0,no,0.4,3,normal,22.5,Branch_N,1
52.0,male,asymptomatic,,228.0,no,st_t_abnormality,162.0,no,2.1,0,normal,28.9,Branch_J,1
41.0,male,typical_angina,110.0,258.0,no,lv_hypertrophy,151.0,yes,0.1,0,normal,30.8,Branch_C,0
45.0,female,non_anginal_pain,138.0,329.0,no,lv_hypertrophy,153.0,yes,2.0,0,reversible_defect,26.1,Branch_B,1
57.0,male,asymptomatic,176.0,237.0,no,st_t_abnormality,190.0,no,0.4,0,reversible_defect,25.1,Branch_G,0
62.0,female,asymptomatic,154.0,307.0,no,st_t_abnormality,178.0,no,0.3,0,normal,27.2,Branch_H,0
72.0,female,non_anginal_pain,143.0,275.0,no,normal,152.0,yes,0.4,2,fixed_defect,31.2,Branch_H,1
80.0,male,non_anginal_pain,130.0,170.0,no,normal,155.0,yes,0.3,0,normal,,Branch_A,0
58.0,male,asymptomatic,98.0,189.0,yes,normal,134.0,yes,0.5,1,normal,22.7,Branch_K,1
45.0,female,asymptomatic,,203.0,no,normal,146.0,no,0.9,0,reversible_defect,,Branch_F,0
35.0,male,typical_angina,153.0,,no,normal,157.0,no,0.4,0,normal,29.3,Branch_B,0
56.0,male,asymptomatic,118.0,241.0,no,normal,170.0,no,1.9,2,reversible_defect,32.0,Branch_N,1
47.0,male,typical_angina,119.0,278.0,no,,167.0,no,0.3,1,normal,30.9,Branch_F,0
50.0,male,asymptomatic,128.0,311.0,no,lv_hypertrophy,124.0,yes,0.6,0,reversible_defect,37.3,Branch_D,1
48.0,male,typical_angina,113.0,262.0,no,lv_hypertrophy,172.0,no,0.1,3,normal,32.5,Branch_H,0
53.0,female,atypical_angina,110.0,223.0,yes,st_t_abnormality,148.0,yes,1.2,0,normal,24.2,Branch_O,0
64.0,female,typical_angina,130.0,138.0,no,normal,127.0,no,0.8,0,reversible_defect,29.6,Branch_M,1
55.0,male,non_anginal_pain,116.0,250.0,no,normal,181.0,yes,1.4,0,normal,25.0,Branch_B,0
53.0,female,atypical_angina,118.0,247.0,yes,st_t_abnormality,184.0,no,0.2,1,normal,25.5,Branch_K,1
45.0,male,atypical_angina,118.0,256.0,no,st_t_abnormality,156.0,yes,0.1,0,reversible_defect,21.1,Branch_J,0
39.0,female,non_anginal_pain,140.0,356.0,no,normal,166.0,no,1.6,2,normal,26.2,Branch_N,0
50.0,male,non_anginal_pain,127.0,311.0,no,normal,168.0,yes,0.5,0,normal,30.0,Branch_O,0
54.0,female,asymptomatic,128.0,287.0,no,normal,182.0,no,2.7,0,normal,27.2,Branch_L,1
70.0,female,asymptomatic,141.0,196.0,no,normal,167.0,yes,1.4,2,fixed_defect,22.6,Branch_J,0
55.0,male,asymptomatic,129.0,219.0,no,normal,119.0,no,0.2,0,fixed_defect,20.6,Branch_F,1
63.0,male,typical_angina,126.0,241.0,no,normal,196.0,no,0.1,0,reversible_defect,37.0,Branch_N,1
50.0,female,atypical_angina,139.0,,no,st_t_abnormality,175.0,yes,1.3,0,normal,29.0,Branch_O,0
43.0,male,asymptomatic,142.0,272.0,no,lv_hypertrophy,138.0,yes,1.5,0,normal,23.8,Branch_O,0
45.0,male,typical_angina,128.0,265.0,no,st_t_abnormality,126.0,no,1.3,0,normal,,Branch_O,0
47.0,female,non_anginal_pain,132.0,189.0,no,st_t_abnormality,162.0,no,1.2,0,normal,37.4,Branch_J,0
73.0,male,asymptomatic,118.0,308.0,yes,lv_hypertrophy,144.0,no,2.4,1,reversible_defect,30.3,Branch_O,1
47.0,male,asymptomatic,116.0,251.0,no,normal,158.0,yes,2.1,0,normal,16.0,Branch_L,0
62.0,male,non_anginal_pain,144.0,156.0,no,st_t_abnormality,167.0,no,0.6,0,fixed_defect,39.4,Branch_D,0
46.0,male,asymptomatic,139.0,243.0,no,normal,137.0,yes,1.4,1,fixed_defect,,Branch_A,1
62.0,female,non_anginal_pain,139.0,261.0,yes,st_t_abnormality,124.0,yes,0.8,0,reversible_defect,26.6,Branch_O,0
57.0,male,asymptomatic,136.0,,yes,normal,159.0,no,0.1,1,normal,22.4,Branch_G,1
53.0,male,typical_angina,132.0,228.0,no,lv_hypertrophy,138.0,no,2.5,1,,24.2,Branch_N,1
54.0,male,typical_angina,143.0,289.0,no,lv_hypertrophy,153.0,yes,0.1,0,reversible_defect,28.8,Branch_E,0
48.0,female,non_anginal_pain,147.0,256.0,no,normal,119.0,no,1.7,0,fixed_defect,18.2,Branch_F,0
58.0,male,atypical_angina,146.0,178.0,yes,normal,144.0,no,0.1,0,normal,27.1,Branch_M,0
50.0,female,asymptomatic,129.0,172.0,no,normal,166.0,no,0.3,0,reversible_defect,32.7,Branch_H,1
43.0,female,atypical_angina,155.0,304.0,yes,st_t_abnormality,164.0,yes,1.7,0,reversible_defect,23.7,Branch_K,1
42.0,female,asymptomatic,135.0,308.0,yes,,132.0,no,0.4,1,normal,21.2,Branch_E,1
56.0,female,asymptomatic,142.0,263.0,no,normal,123.0,no,0.6,1,reversible_defect,26.9,Branch_J,1
68.0,female,non_anginal_pain,136.0,324.0,no,,150.0,no,0.9,0,normal,26.0,Branch_H,0
55.0,female,asymptomatic,135.0,301.0,no,normal,163.0,yes,3.9,3,reversible_defect,24.8,Branch_N,1
53.0,male,atypical_angina,118.0,282.0,yes,normal,159.0,no,0.2,0,normal,22.2,Branch_H,1
57.0,female,non_anginal_pain,143.0,,yes,normal,138.0,no,0.2,2,normal,29.8,Branch_B,1
66.0,male,atypical_angina,179.0,336.0,no,st_t_abnormality,157.0,no,0.7,2,normal,30.2,Branch_L,1
56.0,male,asymptomatic,125.0,274.0,no,normal,185.0,no,0.2,0,reversible_defect,22.7,Branch_O,0
50.0,female,asymptomatic,132.0,226.0,no,normal,155.0,no,0.4,0,reversible_defect,23.3,Branch_N,0
64.0,female,asymptomatic,123.0,211.0,no,normal,112.0,no,0.1,0,normal,28.1,Branch_B,0
58.0,female,asymptomatic,123.0,259.0,yes,lv_hypertrophy,155.0,no,0.2,3,normal,23.2,Branch_O,0
68.0,male,asymptomatic,157.0,159.0,no,st_t_abnormality,197.0,yes,1.1,0,normal,28.3,Branch_F,1
56.0,male,atypical_angina,120.0,282.0,no,lv_hypertrophy,120.0,yes,1.4,2,normal,34.1,Branch_M,1
43.0,male,asymptomatic,123.0,196.0,no,st_t_abnormality,151.0,no,0.5,0,reversible_defect,27.2,Branch_J,0
42.0,male,non_anginal_pain,,265.0,yes,st_t_abnormality,145.0,no,0.5,0,normal,22.0,Branch_O,0
69.0,male,non_anginal_pain,118.0,219.0,no,normal,152.0,no,0.0,1,reversible_defect,,Branch_F,0
70.0,male,non_anginal_pain,102.0,232.0,no,st_t_abnormality,154.0,no,1.8,0,reversible_defect,26.7,Branch_J,1
52.0,male,atypical_angina,142.0,207.0,no,normal,176.0,no,1.5,0,normal,26.8,Branch_K,0
51.0,female,atypical_angina,179.0,238.0,no,normal,152.0,no,2.6,3,normal,29.6,Branch_C,0
67.0,male,atypical_angina,125.0,344.0,no,normal,179.0,yes,1.4,0,reversible_defect,30.6,Branch_L,0
44.0,female,typical_angina,103.0,,no,normal,147.0,no,0.2,3,reversible_defect,27.7,Branch_C,0
46.0,male,non_anginal_pain,146.0,264.0,no,lv_hypertrophy,142.0,yes,2.3,3,reversible_defect,27.2,Branch_M,1
60.0,male,asymptomatic,119.0,245.0,no,lv_hypertrophy,135.0,no,0.9,0,normal,36.8,Branch_B,1
50.0,male,non_anginal_pain,153.0,290.0,no,st_t_abnormality,108.0,no,2.7,0,normal,32.9,Branch_C,1
54.0,male,non_anginal_pain,126.0,305.0,no,normal,156.0,yes,0.6,0,reversible_defect,31.3,Branch_H,0
53.0,female,non_anginal_pain,120.0,203.0,yes,lv_hypertrophy,197.0,yes,0.1,1,normal,28.1,Branch_C,0
57.0,male,non_anginal_pain,128.0,242.0,no,st_t_abnormality,161.0,yes,0.6,3,reversible_defect,23.0,Branch_B,1
67.0,male,atypical_angina,144.0,151.0,no,normal,166.0,no,1.0,2,reversible_defect,32.6,Branch_A,0
55.0,female,asymptomatic,127.0,304.0,no,st_t_abnormality,141.0,no,0.6,3,normal,28.1,Branch_E,0
60.0,female,atypical_angina,,353.0,no,st_t_abnormality,144.0,yes,0.6,0,normal,24.9,Branch_H,0
36.0,male,asymptomatic,128.0,250.0,no,normal,173.0,no,1.6,0,normal,,Branch_A,0
54.0,male,asymptomatic,109.0,135.0,no,st_t_abnormality,196.0,yes,3.4,0,reversible_defect,23.2,Branch_C,0
46.0,male,non_anginal_pain,138.0,278.0,no,st_t_abnormality,184.0,no,0.7,2,normal,32.3,Branch_J,0
43.0,male,asymptomatic,101.0,199.0,no,normal,169.0,no,2.8,0,normal,30.6,Branch_E,0
46.0,male,atypical_angina,123.0,212.0,no,normal,151.0,yes,1.0,0,reversible_defect,28.3,Branch_L,1
51.0,male,asymptomatic,144.0,279.0,no,st_t_abnormality,155.0,yes,1.1,0,reversible_defect,27.3,Branch_M,0
62.0,female,asymptomatic,136.0,259.0,yes,st_t_abnormality,133.0,no,0.2,0,normal,24.4,Branch_A,1
42.0,male,asymptomatic,141.0,221.0,no,lv_hypertrophy,117.0,no,0.7,0,reversible_defect,17.9,Branch_O,1
54.0,male,asymptomatic,130.0,212.0,no,lv_hypertrophy,124.0,yes,0.4,0,,21.1,Branch_K,0
50.0,male,asymptomatic,151.0,253.0,no,st_t_abnormality,151.0,no,0.5,2,reversible_defect,24.2,Branch_M,0
51.0,female,asymptomatic,147.0,225.0,no,st_t_abnormality,143.0,no,0.1,2,reversible_defect,23.5,Branch_H,1
63.0,male,non_anginal_pain,139.0,188.0,no,st_t_abnormality,116.0,yes,0.7,0,normal,28.8,Branch_A,0
59.0,female,asymptomatic,147.0,229.0,no,st_t_abnormality,149.0,no,0.5,2,normal,31.2,Branch_N,0
66.0,female,asymptomatic,144.0,264.0,no,normal,143.0,no,0.6,0,normal,26.9,Branch_I,0
53.0,male,non_anginal_pain,124.0,237.0,no,st_t_abnormality,123.0,yes,0.2,2,reversible_defect,33.8,Branch_A,1
48.0,male,asymptomatic,108.0,172.0,no,st_t_abnormality,141.0,no,0.0,0,,24.0,Branch_C,0
52.0,male,atypical_angina,138.0,297.0,no,st_t_abnormality,143.0,yes,0.9,1,normal,26.9,Branch_D,0
56.0,male,non_anginal_pain,140.0,126.0,no,lv_hypertrophy,136.0,yes,0.1,0,reversible_defect,27.3,Branch_F,0
56.0,female,typical_angina,150.0,223.0,no,st_t_abnormality,171.0,yes,0.1,0,normal,32.4,Branch_G,0
44.0,male,atypical_angina,115.0,214.0,no,normal,106.0,no,0.5,1,reversible_defect,28.0,Branch_G,0
55.0,female,asymptomatic,116.0,,no,normal,104.0,no,0.8,2,reversible_defect,28.1,Branch_N,1
56.0,male,atypical_angina,139.0,275.0,no,normal,150.0,no,0.2,2,normal,20.1,Branch_O,0
77.0,male,atypical_angina,130.0,305.0,no,normal,152.0,yes,0.1,0,normal,23.5,Branch_K,1
71.0,male,atypical_angina,99.0,209.0,no,,159.0,no,0.6,0,reversible_defect,32.4,Branch_J,0
46.0,male,non_anginal_pain,137.0,277.0,yes,normal,138.0,no,2.5,2,fixed_defect,18.2,Branch_M,0
51.0,male,asymptomatic,100.0,256.0,no,normal,129.0,yes,0.8,0,normal,33.5,Branch_E,0
41.0,male,asymptomatic,115.0,157.0,no,normal,150.0,yes,0.6,0,reversible_defect,29.7,Branch_I,0
49.0,male,typical_angina,154.0,345.0,no,st_t_abnormality,140.0,no,0.2,0,normal,24.1,Branch_J,0
57.0,female,non_anginal_pain,162.0,171.0,no,st_t_abnormality,186.0,yes,1.0,0,normal,23.8,Branch_E,0
65.0,male,non_anginal_pain,110.0,268.0,no,normal,143.0,no,0.1,0,reversible_defect,36.0,Branch_O,0
47.0,female,non_anginal_pain,125.0,266.0,no,normal,149.0,no,1.8,0,,33.9,Branch_D,0
48.0,male,non_anginal_pain,132.0,260.0,no,normal,202.0,yes,3.5,1,fixed_defect,27.0,Branch_A,1
35.0,male,atypical_angina,161.0,220.0,no,normal,146.0,no,1.8,1,fixed_defect,28.1,Branch_E,1
53.0,male,non_anginal_pain,123.0,289.0,no,normal,163.0,no,0.0,2,normal,24.6,Branch_M,1
44.0,male,non_anginal_pain,123.0,165.0,no,normal,165.0,no,0.8,1,normal,,Branch_F,1
49.0,male,non_anginal_pain,157.0,243.0,no,normal,167.0,no,1.9,0,normal,24.5,Branch_D,0
46.0,male,non_anginal_pain,125.0,217.0,no,lv_hypertrophy,157.0,no,1.8,3,normal,27.1,Branch_N,1
53.0,female,asymptomatic,143.0,211.0,no,st_t_abnormality,154.0,no,0.0,1,reversible_defect,35.6,Branch_C,0
38.0,male,asymptomatic,106.0,268.0,no,lv_hypertrophy,152.0,yes,0.9,0,normal,27.1,Branch_C,0
41.0,male,atypical_angina,128.0,302.0,no,normal,137.0,no,2.4,0,reversible_defect,22.8,Branch_N,0
73.0,male,asymptomatic,103.0,228.0,no,normal,157.0,no,1.1,1,normal,21.4,Branch_E,1
42.0,male,asymptomatic,113.0,287.0,no,lv_hypertrophy,197.0,no,2.9,1,normal,28.1,Branch_A,1
44.0,male,atypical_angina,145.0,249.0,no,normal,178.0,no,1.3,1,reversible_defect,24.1,Branch_G,1
71.0,male,non_anginal_pain,130.0,200.0,no,st_t_abnormality,157.0,yes,1.5,2,normal,28.6,Branch_L,0
80.0,male,atypical_angina,126.0,233.0,no,lv_hypertrophy,170.0,no,0.5,3,fixed_defect,20.2,Branch_L,1
43.0,male,asymptomatic,118.0,230.0,no,st_t_abnormality,130.0,yes,3.2,3,reversible_defect,30.6,Branch_B,1
51.0,female,atypical_angina,127.0,210.0,no,normal,144.0,yes,1.0,1,reversible_defect,22.7,Branch_E,1
57.0,male,asymptomatic,136.0,268.0,no,st_t_abnormality,172.0,no,2.0,3,normal,27.7,Branch_J,1
70.0,female,atypical_angina,148.0,258.0,no,normal,184.0,no,0.0,3,normal,26.0,Branch_J,1
45.0,male,non_anginal_pain,94.0,163.0,no,normal,132.0,yes,2.4,0,reversible_defect,35.2,Branch_J,0
52.0,male,asymptomatic,117.0,160.0,no,normal,139.0,no,0.4,1,normal,,Branch_F,0
61.0,female,atypical_angina,134.0,268.0,no,lv_hypertrophy,200.0,no,0.1,0,reversible_defect,36.3,Branch_M,1
58.0,male,asymptomatic,129.0,204.0,no,st_t_abnormality,152.0,yes,0.5,0,fixed_defect,30.0,Branch_B,0
51.0,female,asymptomatic,138.0,262.0,no,normal,192.0,no,0.6,0,fixed_defect,33.9,Branch_M,0
53.0,male,asymptomatic,136.0,287.0,no,normal,155.0,no,0.6,0,reversible_defect,26.6,Branch_O,0
42.0,male,atypical_angina,126.0,180.0,no,st_t_abnormality,156.0,no,0.2,0,reversible_defect,29.1,Branch_K,1
52.0,female,asymptomatic,,173.0,no,lv_hypertrophy,143.0,yes,0.1,0,,33.0,Branch_G,0
52.0,male,typical_angina,127.0,333.0,no,normal,172.0,no,0.8,0,fixed_defect,31.6,Branch_F,0
56.0,male,atypical_angina,151.0,264.0,no,normal,181.0,no,0.1,1,reversible_defect,,Branch_G,1
49.0,male,asymptomatic,119.0,224.0,no,lv_hypertrophy,126.0,yes,1.7,2,normal,26.0,Branch_C,0
58.0,male,asymptomatic,130.0,197.0,no,lv_hypertrophy,142.0,yes,1.5,3,reversible_defect,26.8,Branch_D,0
63.0,female,non_anginal_pain,134.0,219.0,no,lv_hypertrophy,171.0,yes,1.1,0,normal,32.6,Branch_J,0
55.0,male,atypical_angina,158.0,184.0,no,normal,147.0,yes,0.5,0,normal,33.6,Branch_I,1
57.0,male,asymptomatic,126.0,292.0,no,normal,139.0,no,0.0,2,reversible_defect,24.8,Branch_H,1
54.0,female,asymptomatic,147.0,206.0,yes,normal,173.0,no,0.2,0,reversible_defect,24.2,Branch_H,0
54.0,male,non_anginal_pain,152.0,303.0,no,normal,175.0,no,0.1,3,normal,23.4,Branch_B,0
48.0,female,asymptomatic,130.0,225.0,no,lv_hypertrophy,140.0,no,0.3,1,reversible_defect,31.2,Branch_N,1
57.0,male,atypical_angina,127.0,192.0,no,normal,155.0,no,1.9,0,normal,23.3,Branch_O,0
53.0,male,atypical_angina,125.0,224.0,no,st_t_abnormality,122.0,no,0.1,0,normal,31.2,Branch_D,0
73.0,female,non_anginal_pain,127.0,126.0,no,lv_hypertrophy,129.0,no,2.5,0,normal,30.0,Branch_E,0
68.0,male,asymptomatic,146.0,240.0,no,lv_hypertrophy,153.0,no,0.5,0,reversible_defect,25.0,Branch_J,0
57.0,male,atypical_angina,135.0,237.0,no,st_t_abnormality,151.0,yes,0.1,0,normal,34.5,Branch_A,1
47.0,male,atypical_angina,135.0,289.0,yes,lv_hypertrophy,128.0,no,0.1,2,,20.9,Branch_B,1
44.0,female,typical_angina,112.0,148.0,no,normal,134.0,no,0.9,1,reversible_defect,35.0,Branch_N,0
65.0,female,asymptomatic,115.0,306.0,no,normal,126.0,yes,0.8,0,normal,28.9,Branch_C,0
56.0,male,atypical_angina,167.0,,no,normal,160.0,no,0.5,0,normal,18.2,Branch_I,0
58.0,male,non_anginal_pain,128.0,311.0,no,lv_hypertrophy,105.0,no,0.1,0,normal,34.7,Branch_N,1
38.0,female,asymptomatic,118.0,243.0,no,lv_hypertrophy,127.0,yes,1.1,0,reversible_defect,31.9,Branch_K,0
62.0,male,typical_angina,155.0,299.0,no,normal,107.0,yes,0.5,1,fixed_defect,25.6,Branch_E,1
58.0,male,non_anginal_pain,136.0,169.0,no,normal,160.0,no,0.2,1,reversible_defect,23.2,Branch_C,0
44.0,male,non_anginal_pain,141.0,283.0,no,normal,109.0,no,0.2,2,normal,20.4,Branch_K,1
50.0,male,asymptomatic,129.0,206.0,no,normal,151.0,no,0.4,0,normal,38.4,Branch_G,0
56.0,female,atypical_angina,126.0,,no,lv_hypertrophy,188.0,no,0.2,0,reversible_defect,,Branch_O,0
54.0,female,non_anginal_pain,128.0,,no,normal,188.0,yes,1.5,2,normal,21.8,Branch_J,0
51.0,female,atypical_angina,107.0,246.0,no,st_t_abnormality,108.0,yes,0.8,1,normal,28.7,Branch_A,1
53.0,male,asymptomatic,130.0,203.0,no,st_t_abnormality,157.0,yes,1.4,1,normal,20.1,Branch_D,1
52.0,male,asymptomatic,136.0,266.0,no,normal,127.0,yes,1.3,0,normal,23.1,Branch_L,0
55.0,male,typical_angina,162.0,152.0,no,normal,123.0,no,2.6,2,,32.0,Branch_K,1
67.0,male,atypical_angina,132.0,135.0,yes,lv_hypertrophy,147.0,no,0.4,0,reversible_defect,29.6,Branch_L,0
31.0,male,asymptomatic,94.0,317.0,no,st_t_abnormality,178.0,yes,0.4,0,normal,25.8,Branch_D,0
52.0,male,typical_angina,129.0,293.0,no,normal,164.0,yes,0.6,2,fixed_defect,27.6,Branch_D,0
56.0,male,atypical_angina,178.0,191.0,yes,normal,134.0,no,0.3,0,normal,25.5,Branch_D,1
57.0,male,non_anginal_pain,146.0,246.0,no,lv_hypertrophy,166.0,no,0.7,2,fixed_defect,27.2,Branch_K,1
51.0,female,atypical_angina,,299.0,no,lv_hypertrophy,98.0,yes,1.1,0,fixed_defect,24.1,Branch_A,1
38.0,male,atypical_angina,141.0,,yes,lv_hypertrophy,133.0,yes,0.5,0,reversible_defect,24.9,Branch_M,0
57.0,male,non_anginal_pain,118.0,254.0,no,st_t_abnormality,131.0,no,1.6,0,normal,24.8,Branch_E,0
70.0,female,atypical_angina,108.0,303.0,no,lv_hypertrophy,152.0,yes,0.4,2,reversible_defect,24.2,Branch_H,1
40.0,female,non_anginal_pain,125.0,208.0,no,normal,145.0,no,0.0,2,normal,32.2,Branch_D,0
62.0,female,asymptomatic,133.0,248.0,no,st_t_abnormality,147.0,no,2.6,0,fixed_defect,31.0,Branch_G,0
51.0,male,non_anginal_pain,99.0,245.0,no,normal,146.0,yes,1.7,0,reversible_defect,23.3,Branch_L,1
53.0,female,typical_angina,111.0,232.0,no,st_t_abnormality,151.0,no,0.9,0,fixed_defect,22.1,Branch_C,0
45.0,male,asymptomatic,131.0,226.0,no,lv_hypertrophy,162.0,yes,0.2,0,reversible_defect,26.8,Branch_I,1
51.0,male,atypical_angina,124.0,250.0,no,lv_hypertrophy,153.0,yes,0.2,1,reversible_defect,,Branch_A,1
66.0,male,asymptomatic,138.0,248.0,yes,st_t_abnormality,143.0,yes,1.3,0,reversible_defect,22.9,Branch_C,1
59.0,male,atypical_angina,110.0,191.0,no,st_t_abnormality,159.0,no,4.2,0,normal,26.8,Branch_K,0
70.0,male,asymptomatic,143.0,288.0,no,lv_hypertrophy,169.0,yes,1.2,0,normal,27.9,Branch_I,1
65.0,male,atypical_angina,111.0,195.0,no,lv_hypertrophy,137.0,yes,1.5,1,fixed_defect,27.0,Branch_J,1
58.0,female,atypical_angina,159.0,235.0,no,st_t_abnormality,149.0,no,0.3,1,reversible_defect,25.4,Branch_D,1
70.0,male,non_anginal_pain,102.0,231.0,no,normal,177.0,yes,1.3,1,normal,32.7,Branch_D,1
58.0,male,typical_angina,112.0,265.0,no,normal,125.0,no,0.4,1,normal,29.5,Branch_G,0
61.0,male,atypical_angina,138.0,136.0,no,lv_hypertrophy,192.0,no,2.0,3,normal,31.3,Branch_B,0
51.0,male,asymptomatic,159.0,292.0,yes,st_t_abnormality,119.0,no,1.1,0,normal,30.2,Branch_N,1
55.0,male,asymptomatic,136.0,211.0,no,,142.0,no,0.5,2,normal,31.5,Branch_E,0
48.0,male,typical_angina,141.0,309.0,no,st_t_abnormality,128.0,no,1.0,1,normal,34.6,Branch_K,0
63.0,male,asymptomatic,131.0,221.0,no,normal,200.0,yes,0.4,0,normal,33.5,Branch_C,1
43.0,female,asymptomatic,114.0,243.0,no,normal,138.0,no,0.2,2,reversible_defect,38.0,Branch_J,0
61.0,female,asymptomatic,123.0,,no,lv_hypertrophy,138.0,no,2.0,1,,33.0,Branch_D,1
52.0,male,asymptomatic,110.0,232.0,no,normal,141.0,no,1.0,1,normal,24.5,Branch_E,1
65.0,male,asymptomatic,109.0,310.0,no,st_t_abnormality,152.0,no,0.3,0,normal,31.3,Branch_G,0
61.0,female,non_anginal_pain,138.0,248.0,no,st_t_abnormality,142.0,no,0.2,0,normal,30.7,Branch_B,1
70.0,female,asymptomatic,112.0,268.0,no,lv_hypertrophy,147.0,no,0.8,2,normal,36.1,Branch_B,0
61.0,male,asymptomatic,136.0,250.0,no,normal,71.0,yes,0.1,0,normal,23.1,Branch_L,1
40.0,female,typical_angina,109.0,290.0,no,st_t_abnormality,151.0,no,0.2,0,normal,30.0,Branch_F,0
53.0,female,atypical_angina,136.0,210.0,no,normal,150.0,no,0.4,0,reversible_defect,24.4,Branch_I,0
43.0,female,typical_angina,123.0,195.0,no,normal,174.0,no,1.7,0,normal,29.8,Branch_J,0
49.0,male,asymptomatic,155.0,213.0,yes,normal,180.0,no,0.4,2,normal,26.5,Branch_J,1
68.0,male,non_anginal_pain,137.0,251.0,yes,normal,146.0,no,1.7,1,normal,29.7,Branch_J,0
60.0,male,asymptomatic,152.0,235.0,yes,lv_hypertrophy,169.0,no,1.8,3,normal,21.2,Branch_O,0
48.0,male,asymptomatic,118.0,283.0,no,lv_hypertrophy,125.0,no,2.6,0,normal,31.1,Branch_J,0
45.0,male,asymptomatic,132.0,314.0,no,normal,168.0,no,0.5,0,normal,28.4,Branch_F,0
54.0,male,atypical_angina,114.0,195.0,yes,lv_hypertrophy,137.0,no,0.1,0,normal,28.2,Branch_E,0
43.0,male,asymptomatic,124.0,208.0,no,st_t_abnormality,123.0,yes,0.5,0,normal,36.3,Branch_M,0
48.0,male,asymptomatic,127.0,171.0,no,st_t_abnormality,146.0,yes,0.9,1,reversible_defect,25.8,Branch_G,1
57.0,female,typical_angina,119.0,352.0,yes,lv_hypertrophy,182.0,no,0.9,0,normal,29.0,Branch_I,1
64.0,male,asymptomatic,110.0,262.0,no,st_t_abnormality,154.0,no,0.2,0,normal,28.0,Branch_M,0
59.0,male,atypical_angina,107.0,271.0,no,normal,184.0,no,0.5,2,normal,28.4,Branch_D,0
33.0,female,non_anginal_pain,94.0,176.0,no,normal,133.0,yes,0.3,1,normal,37.5,Branch_D,0
57.0,female,non_anginal_pain,113.0,246.0,no,normal,174.0,yes,0.9,0,reversible_defect,27.8,Branch_A,0
55.0,female,atypical_angina,142.0,272.0,no,lv_hypertrophy,135.0,no,0.3,1,normal,24.9,Branch_B,1
58.0,female,typical_angina,,233.0,no,st_t_abnormality,155.0,no,0.3,0,normal,35.9,Branch_J,0
69.0,female,typical_angina,108.0,302.0,no,normal,155.0,no,0.7,2,reversible_defect,26.1,Branch_H,0
35.0,male,typical_angina,161.0,366.0,no,normal,165.0,no,0.3,1,normal,20.3,Branch_E,1
49.0,male,non_anginal_pain,120.0,197.0,no,lv_hypertrophy,156.0,no,0.1,0,normal,,Branch_D,0
59.0,male,atypical_angina,136.0,193.0,no,normal,133.0,no,1.5,0,fixed_defect,21.9,Branch_K,1
40.0,male,atypical_angina,142.0,,no,st_t_abnormality,170.0,yes,0.2,0,reversible_defect,19.4,Branch_B,0
67.0,female,asymptomatic,142.0,330.0,no,st_t_abnormality,190.0,no,0.0,1,normal,25.9,Branch_K,1
57.0,male,asymptomatic,105.0,300.0,no,normal,137.0,no,0.7,0,,27.2,Branch_N,1
62.0,male,non_anginal_pain,127.0,,no,normal,108.0,no,0.2,1,normal,32.8,Branch_G,0
49.0,male,asymptomatic,103.0,248.0,no,normal,161.0,no,0.1,0,fixed_defect,30.3,Branch_H,0
61.0,male,atypical_angina,173.0,204.0,no,normal,142.0,yes,0.4,0,normal,30.1,Branch_I,1
64.0,male,asymptomatic,104.0,292.0,no,st_t_abnormality,147.0,yes,0.4,0,fixed_defect,23.5,Branch_B,1
56.0,male,typical_angina,113.0,226.0,no,lv_hypertrophy,163.0,no,3.5,0,normal,31.5,Branch_J,0
56.0,female,asymptomatic,113.0,232.0,no,normal,140.0,no,2.0,0,normal,33.8,Branch_F,1
56.0,male,asymptomatic,106.0,278.0,no,st_t_abnormality,144.0,yes,1.0,1,normal,29.3,Branch_H,1
46.0,female,asymptomatic,,236.0,no,normal,148.0,no,0.7,3,reversible_defect,29.4,Branch_A,1
53.0,female,non_anginal_pain,172.0,234.0,no,normal,184.0,yes,1.7,0,reversible_defect,21.8,Branch_N,0
53.0,male,non_anginal_pain,123.0,247.0,no,st_t_abnormality,151.0,no,1.4,1,reversible_defect,32.2,Branch_F,1
57.0,male,atypical_angina,109.0,287.0,no,st_t_abnormality,122.0,no,0.5,0,reversible_defect,35.5,Branch_B,0
63.0,female,asymptomatic,94.0,332.0,no,st_t_abnormality,122.0,yes,1.8,1,normal,29.0,Branch_L,1
44.0,male,asymptomatic,127.0,276.0,no,normal,153.0,no,1.0,0,reversible_defect,24.8,Branch_O,0
53.0,female,asymptomatic,126.0,288.0,no,st_t_abnormality,124.0,no,3.3,1,normal,26.8,Branch_H,1
67.0,male,non_anginal_pain,120.0,236.0,no,normal,114.0,no,0.8,0,reversible_defect,25.6,Branch_A,0
47.0,male,typical_angina,135.0,209.0,no,lv_hypertrophy,165.0,yes,1.7,0,fixed_defect,25.9,Branch_O,0
47.0,female,non_anginal_pain,138.0,280.0,no,st_t_abnormality,166.0,yes,3.1,1,normal,30.4,Branch_D,1
56.0,male,typical_angina,136.0,255.0,no,lv_hypertrophy,142.0,no,2.4,0,normal,28.8,Branch_D,1
62.0,male,atypical_angina,126.0,172.0,no,normal,157.0,no,1.6,0,reversible_defect,32.0,Branch_K,1
54.0,female,atypical_angina,112.0,229.0,no,normal,154.0,no,1.4,0,reversible_defect,29.2,Branch_E,0
66.0,male,asymptomatic,142.0,242.0,no,st_t_abnormality,164.0,no,0.9,3,reversible_defect,23.6,Branch_B,0
62.0,male,atypical_angina,131.0,219.0,no,normal,164.0,no,0.9,0,normal,25.2,Branch_K,1
62.0,male,atypical_angina,146.0,323.0,no,st_t_abnormality,90.0,yes,0.2,0,normal,,Branch_D,0
59.0,male,typical_angina,144.0,271.0,no,st_t_abnormality,144.0,no,0.8,2,reversible_defect,26.7,Branch_M,0
75.0,female,asymptomatic,107.0,317.0,no,lv_hypertrophy,162.0,no,0.6,1,fixed_defect,35.6,Branch_C,1
52.0,female,asymptomatic,107.0,260.0,no,normal,141.0,yes,0.6,0,normal,36.3,Branch_N,1
36.0,male,typical_angina,118.0,250.0,no,lv_hypertrophy,151.0,yes,0.0,1,fixed_defect,31.3,Branch_K,0
68.0,female,typical_angina,113.0,197.0,no,normal,167.0,no,0.4,0,fixed_defect,28.0,Branch_D,0
50.0,male,non_anginal_pain,144.0,247.0,yes,normal,152.0,no,1.2,0,reversible_defect,21.4,Branch_I,0
55.0,male,atypical_angina,137.0,247.0,yes,st_t_abnormality,185.0,no,0.5,0,fixed_defect,28.5,Branch_O,0
66.0,male,non_anginal_pain,150.0,175.0,no,normal,176.0,yes,0.8,2,reversible_defect,23.9,Branch_A,0
40.0,female,non_anginal_pain,138.0,218.0,no,lv_hypertrophy,147.0,no,0.3,2,reversible_defect,34.8,Branch_M,0
43.0,male,asymptomatic,135.0,,no,lv_hypertrophy,145.0,yes,0.3,0,normal,20.3,Branch_G,0
40.0,male,atypical_angina,151.0,268.0,no,lv_hypertrophy,84.0,yes,0.1,0,normal,29.2,Branch_O,0
47.0,male,asymptomatic,139.0,,no,lv_hypertrophy,142.0,no,1.2,0,fixed_defect,23.6,Branch_D,1
58.0,female,typical_angina,132.0,216.0,no,st_t_abnormality,119.0,no,0.0,0,fixed_defect,,Branch_K,0
59.0,male,asymptomatic,,270.0,no,normal,155.0,no,0.2,0,normal,30.5,Branch_O,0
56.0,male,asymptomatic,133.0,237.0,no,lv_hypertrophy,154.0,no,0.2,1,reversible_defect,32.1,Branch_F,0
41.0,female,asymptomatic,126.0,126.0,no,normal,166.0,no,0.6,0,normal,27.2,Branch_B,0
33.0,male,non_anginal_pain,117.0,221.0,no,lv_hypertrophy,182.0,yes,0.3,3,normal,30.9,Branch_F,0
54.0,male,atypical_angina,143.0,302.0,no,normal,149.0,yes,1.9,0,reversible_defect,24.5,Branch_I,1
50.0,male,asymptomatic,152.0,159.0,no,st_t_abnormality,202.0,no,0.5,0,reversible_defect,28.6,Branch_J,1
58.0,male,asymptomatic,130.0,252.0,yes,normal,155.0,no,0.5,0,,32.0,Branch_H,0
60.0,male,atypical_angina,153.0,328.0,no,normal,120.0,no,0.8,1,normal,29.0,Branch_N,1
55.0,female,non_anginal_pain,98.0,206.0,no,normal,137.0,no,0.7,0,normal,25.1,Branch_I,0
61.0,male,non_anginal_pain,130.0,246.0,no,normal,141.0,yes,0.1,0,normal,26.2,Branch_J,0
56.0,female,asymptomatic,130.0,178.0,no,normal,164.0,yes,2.0,0,normal,32.1,Branch_O,0
59.0,female,asymptomatic,119.0,331.0,no,normal,128.0,no,0.6,1,normal,22.6,Branch_O,0
48.0,male,non_anginal_pain,172.0,242.0,no,normal,143.0,yes,1.8,3,normal,23.3,Branch_F,1
52.0,male,non_anginal_pain,130.0,248.0,yes,st_t_abnormality,146.0,no,1.6,0,reversible_defect,30.2,Branch_E,1
56.0,female,atypical_angina,124.0,316.0,no,normal,140.0,no,0.6,0,fixed_defect,25.5,Branch_L,1
61.0,male,atypical_angina,131.0,280.0,no,lv_hypertrophy,169.0,no,0.9,0,reversible_defect,21.0,Branch_H,0
50.0,female,typical_angina,97.0,200.0,no,normal,165.0,no,0.0,0,normal,33.6,Branch_G,0
59.0,female,asymptomatic,118.0,212.0,no,st_t_abnormality,177.0,yes,0.1,3,normal,22.6,Branch_K,0
52.0,male,non_anginal_pain,148.0,272.0,no,normal,142.0,yes,0.2,0,normal,26.6,Branch_J,1
53.0,male,non_anginal_pain,120.0,214.0,no,st_t_abnormality,178.0,yes,1.0,1,reversible_defect,24.7,Branch_N,1
61.0,male,atypical_angina,117.0,136.0,no,st_t_abnormality,119.0,yes,0.7,3,,26.2,Branch_F,0
36.0,male,atypical_angina,,243.0,no,st_t_abnormality,118.0,yes,1.9,1,fixed_defect,23.5,Branch_L,0
42.0,male,non_anginal_pain,154.0,169.0,no,normal,122.0,yes,0.6,0,normal,30.7,Branch_D,0
41.0,male,atypical_angina,140.0,330.0,yes,,150.0,yes,0.3,1,reversible_defect,28.0,Branch_O,1
33.0,female,typical_angina,123.0,255.0,no,normal,178.0,yes,1.0,0,normal,31.9,Branch_B,1
48.0,female,asymptomatic,127.0,199.0,yes,normal,136.0,no,0.3,0,normal,24.8,Branch_L,0
61.0,female,atypical_angina,117.0,210.0,no,normal,139.0,yes,0.6,3,reversible_defect,37.1,Branch_B,0
51.0,male,atypical_angina,114.0,148.0,no,st_t_abnormality,145.0,no,1.7,0,normal,18.9,Branch_N,0
56.0,male,non_anginal_pain,113.0,189.0,no,normal,163.0,no,2.3,0,fixed_defect,20.4,Branch_O,0
64.0,male,asymptomatic,120.0,299.0,yes,st_t_abnormality,139.0,yes,0.0,0,normal,35.4,Branch_M,1
66.0,male,atypical_angina,113.0,362.0,no,normal,138.0,no,1.0,0,reversible_defect,29.6,Branch_L,0
53.0,female,asymptomatic,104.0,284.0,no,normal,119.0,no,1.8,1,reversible_defect,29.0,Branch_H,1
66.0,male,asymptomatic,135.0,241.0,yes,normal,137.0,no,0.1,2,normal,29.4,Branch_D,0
55.0,male,asymptomatic,135.0,224.0,no,normal,177.0,yes,0.6,1,reversible_defect,30.1,Branch_O,0
46.0,female,non_anginal_pain,160.0,196.0,no,st_t_abnormality,152.0,no,0.2,0,reversible_defect,28.8,Branch_H,0
49.0,male,asymptomatic,120.0,353.0,no,lv_hypertrophy,133.0,no,0.5,0,fixed_defect,23.2,Branch_M,1
41.0,male,non_anginal_pain,136.0,236.0,no,st_t_abnormality,178.0,no,2.6,0,normal,,Branch_K,0
46.0,male,non_anginal_pain,136.0,356.0,no,normal,137.0,yes,0.2,0,normal,,Branch_K,1
51.0,male,non_anginal_pain,127.0,318.0,no,normal,183.0,yes,0.6,2,fixed_defect,33.9,Branch_F,0
61.0,female,atypical_angina,144.0,155.0,no,lv_hypertrophy,182.0,no,1.6,1,normal,35.4,Branch_G,0
69.0,male,typical_angina,144.0,211.0,yes,normal,151.0,yes,0.4,2,reversible_defect,29.0,Branch_G,1
42.0,female,non_anginal_pain,137.0,211.0,no,normal,116.0,yes,0.2,2,normal,22.0,Branch_J,0
58.0,female,typical_angina,127.0,242.0,no,lv_hypertrophy,202.0,no,1.0,0,fixed_defect,35.5,Branch_K,1
45.0,female,non_anginal_pain,125.0,243.0,no,normal,159.0,no,0.5,1,normal,22.9,Branch_C,0
58.0,male,non_anginal_pain,108.0,402.0,no,normal,143.0,yes,0.8,1,fixed_defect,29.0,Branch_D,1
53.0,male,asymptomatic,117.0,190.0,yes,normal,172.0,yes,0.7,3,normal,26.3,Branch_A,1
38.0,female,typical_angina,120.0,258.0,no,st_t_abnormality,166.0,no,0.1,0,normal,25.6,Branch_H,0
62.0,male,non_anginal_pain,112.0,278.0,yes,normal,180.0,no,2.8,1,normal,30.9,Branch_K,0
49.0,male,non_anginal_pain,138.0,246.0,no,st_t_abnormality,135.0,no,0.6,0,,28.6,Branch_D,1
49.0,female,typical_angina,151.0,252.0,no,normal,157.0,no,0.3,1,normal,29.8,Branch_K,0
44.0,male,atypical_angina,116.0,192.0,no,normal,123.0,yes,0.6,3,reversible_defect,23.8,Branch_A,1
48.0,female,typical_angina,136.0,252.0,yes,normal,165.0,no,0.3,3,normal,26.7,Branch_M,1
58.0,female,atypical_angina,113.0,273.0,no,lv_hypertrophy,149.0,no,0.6,0,fixed_defect,24.0,Branch_K,0
52.0,female,atypical_angina,,263.0,no,normal,156.0,no,0.8,0,fixed_defect,26.6,Branch_K,0
57.0,male,non_anginal_pain,119.0,276.0,yes,st_t_abnormality,147.0,no,0.1,2,normal,27.0,Branch_K,0
57.0,female,non_anginal_pain,,319.0,no,normal,144.0,no,2.2,1,normal,35.8,Branch_F,0
66.0,male,typical_angina,119.0,295.0,no,normal,130.0,yes,0.1,3,normal,26.3,Branch_O,1
51.0,female,atypical_angina,148.0,250.0,no,normal,168.0,no,0.1,0,fixed_defect,17.9,Branch_L,0
41.0,female,typical_angina,127.0,185.0,no,st_t_abnormality,184.0,yes,2.7,2,reversible_defect,33.8,Branch_C,0
64.0,female,non_anginal_pain,120.0,215.0,no,normal,137.0,no,0.5,1,normal,29.5,Branch_N,1
51.0,male,atypical_angina,110.0,235.0,no,lv_hypertrophy,163.0,no,2.9,0,reversible_defect,26.9,Branch_L,1
64.0,male,non_anginal_pain,135.0,,no,lv_hypertrophy,160.0,no,0.2,0,reversible_defect,25.5,Branch_E,0
57.0,male,atypical_angina,146.0,221.0,no,st_t_abnormality,150.0,yes,0.7,1,reversible_defect,23.2,Branch_O,1
53.0,male,typical_angina,136.0,197.0,no,st_t_abnormality,115.0,no,0.5,0,normal,36.2,Branch_D,0
57.0,male,asymptomatic,169.0,184.0,yes,st_t_abnormality,120.0,no,0.4,2,reversible_defect,27.7,Branch_J,0
72.0,male,typical_angina,155.0,160.0,no,st_t_abnormality,132.0,no,2.1,1,normal,19.7,Branch_K,0
73.0,male,typical_angina,126.0,234.0,no,normal,101.0,no,0.2,0,reversible_defect,29.0,Branch_O,1
55.0,female,typical_angina,126.0,170.0,no,lv_hypertrophy,182.0,yes,0.4,0,,,Branch_I,0
55.0,female,asymptomatic,139.0,194.0,no,lv_hypertrophy,158.0,no,0.1,3,reversible_defect,28.2,Branch_O,0
64.0,male,non_anginal_pain,117.0,226.0,no,normal,149.0,yes,1.6,1,reversible_defect,23.4,Branch_E,1
46.0,female,non_anginal_pain,151.0,177.0,no,lv_hypertrophy,100.0,no,0.1,2,reversible_defect,23.0,Branch_M,0
57.0,male,asymptomatic,137.0,266.0,yes,lv_hypertrophy,108.0,yes,0.1,2,,23.4,Branch_D,1
54.0,male,typical_angina,135.0,284.0,no,normal,150.0,yes,0.2,1,reversible_defect,34.3,Branch_O,0
57.0,male,asymptomatic,143.0,217.0,no,lv_hypertrophy,195.0,no,1.2,3,normal,27.2,Branch_L,0
46.0,female,atypical_angina,160.0,223.0,no,normal,134.0,yes,1.1,1,reversible_defect,19.9,Branch_J,0
40.0,female,non_anginal_pain,,274.0,yes,normal,170.0,no,0.9,0,normal,29.2,Branch_A,0
35.0,female,non_anginal_pain,129.0,209.0,no,normal,139.0,yes,3.7,0,reversible_defect,28.1,Branch_H,0
44.0,female,atypical_angina,157.0,205.0,no,st_t_abnormality,151.0,no,1.5,0,normal,,Branch_C,0
50.0,female,asymptomatic,147.0,308.0,no,normal,178.0,no,0.4,1,normal,22.9,Branch_N,0
51.0,male,typical_angina,126.0,292.0,no,lv_hypertrophy,142.0,no,0.6,0,normal,22.7,Branch_F,1
71.0,male,asymptomatic,131.0,277.0,yes,normal,134.0,yes,0.4,1,normal,32.4,Branch_M,1
64.0,male,atypical_angina,134.0,294.0,no,normal,183.0,yes,2.0,3,,28.6,Branch_N,1
45.0,female,non_anginal_pain,137.0,143.0,no,st_t_abnormality,151.0,yes,1.4,0,reversible_defect,29.7,Branch_B,0
57.0,male,asymptomatic,108.0,316.0,no,normal,175.0,yes,0.4,0,reversible_defect,28.6,Branch_L,1
50.0,male,typical_angina,105.0,266.0,no,st_t_abnormality,134.0,no,0.6,1,reversible_defect,29.0,Branch_E,1
51.0,female,asymptomatic,116.0,299.0,no,normal,182.0,no,0.3,0,reversible_defect,25.4,Branch_B,0
56.0,male,non_anginal_pain,,266.0,no,lv_hypertrophy,156.0,yes,0.7,2,normal,,Branch_D,1
60.0,female,asymptomatic,120.0,249.0,no,st_t_abnormality,160.0,yes,0.3,0,normal,,Branch_I,1
51.0,male,typical_angina,142.0,232.0,no,normal,153.0,no,1.7,0,normal,33.9,Branch_M,0
64.0,female,non_anginal_pain,128.0,265.0,no,normal,138.0,yes,1.6,1,normal,22.0,Branch_K,0
44.0,female,asymptomatic,134.0,230.0,no,normal,150.0,yes,1.4,0,fixed_defect,26.6,Branch_D,0
54.0,male,non_anginal_pain,110.0,291.0,no,lv_hypertrophy,140.0,no,1.3,0,reversible_defect,31.3,Branch_E,1
77.0,female,atypical_angina,123.0,164.0,no,st_t_abnormality,172.0,yes,0.1,0,fixed_defect,36.0,Branch_E,0
56.0,male,atypical_angina,141.0,218.0,no,normal,145.0,no,0.1,0,reversible_defect,35.5,Branch_L,0
67.0,male,asymptomatic,141.0,352.0,no,normal,116.0,yes,2.7,2,normal,23.9,Branch_H,1
55.0,male,typical_angina,119.0,213.0,no,lv_hypertrophy,111.0,no,2.2,0,reversible_defect,33.2,Branch_A,0
59.0,female,asymptomatic,134.0,,no,normal,110.0,no,0.9,0,normal,,Branch_B,1
53.0,male,asymptomatic,168.0,200.0,no,st_t_abnormality,164.0,no,0.6,0,reversible_defect,32.2,Branch_B,1
52.0,male,typical_angina,,,no,st_t_abnormality,124.0,no,0.7,0,normal,31.0,Branch_O,0
47.0,female,atypical_angina,119.0,208.0,no,normal,157.0,no,1.6,0,normal,21.8,Branch_H,1
58.0,male,asymptomatic,128.0,236.0,no,st_t_abnormality,153.0,no,1.3,2,normal,30.0,Branch_H,0
46.0,male,typical_angina,133.0,290.0,no,normal,149.0,no,0.6,0,normal,32.0,Branch_L,0
60.0,male,non_anginal_pain,128.0,210.0,no,normal,160.0,no,0.4,1,normal,27.4,Branch_C,0
64.0,male,asymptomatic,130.0,287.0,no,lv_hypertrophy,154.0,no,0.2,0,normal,26.4,Branch_A,0
57.0,female,non_anginal_pain,106.0,289.0,yes,st_t_abnormality,88.0,no,1.4,0,fixed_defect,20.4,Branch_E,1
51.0,male,atypical_angina,115.0,301.0,no,lv_hypertrophy,143.0,yes,0.1,0,reversible_defect,30.6,Branch_D,1
58.0,male,asymptomatic,128.0,253.0,no,st_t_abnormality,160.0,yes,0.2,1,normal,28.4,Branch_L,1
51.0,female,non_anginal_pain,128.0,415.0,no,,188.0,no,1.4,3,normal,23.4,Branch_M,1
62.0,male,atypical_angina,121.0,301.0,no,st_t_abnormality,189.0,yes,0.7,0,reversible_defect,26.0,Branch_J,1
38.0,female,non_anginal_pain,128.0,263.0,no,st_t_abnormality,119.0,no,0.2,3,normal,28.2,Branch_N,0
51.0,male,asymptomatic,132.0,200.0,no,normal,142.0,yes,0.1,0,reversible_defect,25.0,Branch_G,1
36.0,female,asymptomatic,146.0,241.0,no,normal,114.0,no,3.1,1,normal,27.5,Branch_D,1
41.0,female,non_anginal_pain,129.0,320.0,no,st_t_abnormality,185.0,no,0.1,1,normal,19.6,Branch_E,0
66.0,female,atypical_angina,138.0,335.0,no,st_t_abnormality,173.0,no,0.1,0,normal,33.6,Branch_C,1
62.0,male,typical_angina,122.0,323.0,no,normal,158.0,no,0.2,0,normal,27.6,Branch_N,1
48.0,male,atypical_angina,141.0,287.0,no,lv_hypertrophy,154.0,yes,1.1,0,,22.6,Branch_J,0
40.0,female,typical_angina,137.0,181.0,yes,normal,182.0,yes,1.1,1,reversible_defect,16.4,Branch_L,0
29.0,male,asymptomatic,146.0,271.0,no,normal,178.0,no,0.3,0,normal,32.1,Branch_E,1
49.0,male,atypical_angina,143.0,181.0,yes,normal,177.0,no,0.3,2,reversible_defect,30.0,Branch_K,0
76.0,male,asymptomatic,141.0,169.0,yes,lv_hypertrophy,161.0,no,0.5,0,normal,28.4,Branch_E,0
58.0,female,atypical_angina,129.0,258.0,no,normal,142.0,no,1.4,3,normal,31.4,Branch_G,0
49.0,female,atypical_angina,135.0,273.0,no,normal,168.0,no,0.8,0,reversible_defect,31.4,Branch_J,0
58.0,male,non_anginal_pain,149.0,293.0,no,normal,169.0,no,1.1,1,reversible_defect,28.4,Branch_O,0
40.0,female,atypical_angina,120.0,272.0,yes,st_t_abnormality,146.0,no,0.6,0,normal,26.4,Branch_I,0
51.0,male,asymptomatic,120.0,274.0,no,st_t_abnormality,142.0,no,0.7,0,normal,25.6,Branch_K,0
55.0,male,asymptomatic,134.0,195.0,no,normal,176.0,yes,0.1,0,normal,29.4,Branch_I,0
53.0,male,asymptomatic,138.0,241.0,yes,lv_hypertrophy,188.0,yes,0.8,1,normal,33.8,Branch_G,1
61.0,male,atypical_angina,117.0,168.0,yes,normal,133.0,no,0.1,0,reversible_defect,27.0,Branch_N,0
57.0,male,asymptomatic,130.0,142.0,no,normal,144.0,no,3.0,1,normal,34.1,Branch_O,0
60.0,female,typical_angina,129.0,285.0,no,st_t_abnormality,158.0,no,0.6,3,reversible_defect,29.2,Branch_E,1
48.0,female,asymptomatic,94.0,207.0,no,st_t_abnormality,161.0,no,0.7,0,normal,29.2,Branch_N,1
62.0,male,non_anginal_pain,127.0,,yes,normal,138.0,yes,2.5,0,normal,38.3,Branch_G,1
69.0,male,atypical_angina,128.0,304.0,no,st_t_abnormality,193.0,no,1.9,0,normal,34.9,Branch_L,0
45.0,male,atypical_angina,128.0,214.0,yes,normal,160.0,yes,0.9,0,normal,35.1,Branch_H,0
46.0,female,typical_angina,155.0,277.0,no,st_t_abnormality,162.0,no,1.0,0,fixed_defect,23.9,Branch_L,0
66.0,female,atypical_angina,110.0,212.0,no,st_t_abnormality,190.0,yes,0.3,1,reversible_defect,37.4,Branch_N,0
52.0,female,asymptomatic,117.0,150.0,no,lv_hypertrophy,140.0,no,0.5,0,reversible_defect,27.1,Branch_G,1
67.0,male,asymptomatic,94.0,252.0,no,normal,148.0,no,0.0,0,reversible_defect,26.5,Branch_K,0
50.0,male,asymptomatic,123.0,222.0,no,st_t_abnormality,121.0,yes,0.4,1,normal,17.8,Branch_H,1
67.0,male,typical_angina,124.0,223.0,no,st_t_abnormality,146.0,yes,0.2,0,reversible_defect,29.0,Branch_L,1
55.0,male,non_anginal_pain,122.0,349.0,yes,normal,116.0,yes,0.8,1,reversible_defect,22.6,Branch_C,0
56.0,male,atypical_angina,150.0,167.0,no,normal,167.0,no,0.0,3,reversible_defect,29.3,Branch_K,0
68.0,male,non_anginal_pain,146.0,266.0,yes,lv_hypertrophy,160.0,yes,1.1,0,normal,22.3,Branch_I,0
51.0,female,atypical_angina,132.0,194.0,no,normal,144.0,no,0.9,0,normal,35.6,Branch_G,1
46.0,male,atypical_angina,125.0,293.0,no,st_t_abnormality,148.0,yes,1.8,2,reversible_defect,30.0,Branch_F,0
50.0,male,non_anginal_pain,148.0,262.0,no,normal,168.0,no,0.7,1,normal,37.8,Branch_K,0
58.0,female,atypical_angina,131.0,266.0,no,lv_hypertrophy,124.0,yes,1.4,2,normal,22.9,Branch_F,1
40.0,male,non_anginal_pain,117.0,197.0,no,,155.0,no,1.3,2,normal,34.5,Branch_A,0
60.0,female,asymptomatic,102.0,206.0,no,lv_hypertrophy,166.0,no,0.3,0,fixed_defect,19.4,Branch_O,0
49.0,male,typical_angina,123.0,294.0,yes,st_t_abnormality,109.0,no,0.8,0,normal,28.4,Branch_G,1
64.0,female,asymptomatic,144.0,338.0,no,normal,166.0,no,2.1,1,reversible_defect,24.7,Branch_C,1
32.0,male,non_anginal_pain,170.0,271.0,no,st_t_abnormality,111.0,yes,0.8,1,fixed_defect,25.5,Branch_D,0
47.0,male,asymptomatic,132.0,199.0,no,st_t_abnormality,147.0,no,0.5,1,normal,25.2,Branch_M,1
39.0,female,asymptomatic,118.0,264.0,no,normal,123.0,yes,1.8,0,normal,23.4,Branch_E,1
47.0,male,asymptomatic,111.0,372.0,yes,normal,183.0,no,0.1,2,reversible_defect,21.8,Branch_E,1
56.0,male,asymptomatic,140.0,251.0,no,st_t_abnormality,123.0,no,0.2,0,normal,25.5,Branch_H,1
52.0,male,asymptomatic,101.0,322.0,no,st_t_abnormality,112.0,no,0.1,0,normal,28.0,Branch_A,0
52.0,male,non_anginal_pain,140.0,208.0,no,normal,153.0,no,0.0,0,normal,32.7,Branch_I,0
53.0,female,atypical_angina,145.0,,yes,lv_hypertrophy,140.0,no,0.3,0,,28.8,Branch_A,1
56.0,male,typical_angina,138.0,278.0,no,normal,115.0,no,0.5,1,reversible_defect,32.7,Branch_M,0
45.0,male,non_anginal_pain,127.0,267.0,no,normal,162.0,yes,1.7,0,normal,20.8,Branch_G,0
60.0,male,typical_angina,141.0,206.0,no,st_t_abnormality,104.0,yes,3.6,1,reversible_defect,25.6,Branch_D,1
60.0,female,atypical_angina,134.0,204.0,no,normal,126.0,yes,1.5,0,normal,30.7,Branch_G,1
57.0,male,typical_angina,118.0,297.0,yes,normal,137.0,no,0.3,0,reversible_defect,29.0,Branch_C,0
59.0,female,non_anginal_pain,162.0,308.0,yes,st_t_abnormality,168.0,no,0.1,0,fixed_defect,23.6,Branch_E,0
57.0,female,atypical_angina,125.0,325.0,yes,normal,180.0,yes,3.1,0,normal,31.7,Branch_B,0
72.0,male,non_anginal_pain,144.0,340.0,no,normal,175.0,no,0.7,1,fixed_defect,25.1,Branch_K,1
53.0,female,asymptomatic,94.0,253.0,no,st_t_abnormality,146.0,yes,0.8,0,normal,24.0,Branch_O,0
51.0,male,asymptomatic,153.0,230.0,no,st_t_abnormality,94.0,no,3.1,0,reversible_defect,29.7,Branch_H,1
47.0,male,atypical_angina,156.0,316.0,no,lv_hypertrophy,159.0,no,2.0,0,reversible_defect,27.5,Branch_B,1
45.0,female,non_anginal_pain,132.0,283.0,no,st_t_abnormality,184.0,no,0.6,0,normal,25.1,Branch_B,0
43.0,female,non_anginal_pain,140.0,195.0,no,normal,178.0,no,2.5,0,normal,25.0,Branch_M,0
46.0,male,non_anginal_pain,140.0,192.0,no,normal,161.0,yes,0.1,3,reversible_defect,22.7,Branch_F,0
53.0,male,asymptomatic,120.0,,no,st_t_abnormality,123.0,yes,0.1,0,reversible_defect,25.7,Branch_E,1
57.0,male,atypical_angina,140.0,237.0,no,normal,138.0,no,0.0,0,normal,32.5,Branch_B,0
54.0,male,asymptomatic,117.0,245.0,no,normal,194.0,no,0.2,2,normal,28.6,Branch_J,0
47.0,male,typical_angina,121.0,302.0,no,lv_hypertrophy,117.0,yes,1.1,1,normal,31.8,Branch_A,1
62.0,male,asymptomatic,150.0,285.0,no,st_t_abnormality,124.0,no,1.4,0,reversible_defect,29.8,Branch_N,1
61.0,male,non_anginal_pain,148.0,315.0,no,st_t_abnormality,172.0,no,0.0,1,,24.7,Branch_D,1
53.0,male,atypical_angina,119.0,146.0,no,,140.0,no,1.0,3,reversible_defect,20.1,Branch_B,1
48.0,female,asymptomatic,119.0,259.0,yes,normal,123.0,no,0.8,0,fixed_defect,23.3,Branch_K,1
59.0,male,typical_angina,120.0,282.0,no,normal,185.0,no,0.5,0,fixed_defect,24.5,Branch_F,0
56.0,female,asymptomatic,143.0,167.0,no,,161.0,yes,0.3,2,normal,24.1,Branch_K,0
41.0,male,non_anginal_pain,114.0,212.0,no,normal,141.0,yes,0.5,2,reversible_defect,31.9,Branch_A,0
53.0,male,typical_angina,137.0,202.0,no,normal,124.0,no,1.7,3,normal,31.9,Branch_M,1
56.0,male,typical_angina,144.0,247.0,no,normal,197.0,no,0.2,0,reversible_defect,37.5,Branch_E,0
46.0,male,asymptomatic,129.0,331.0,no,st_t_abnormality,149.0,no,1.2,3,,24.1,Branch_L,0
56.0,male,atypical_angina,148.0,351.0,no,st_t_abnormality,182.0,yes,0.0,0,reversible_defect,34.7,Branch_O,0
41.0,male,asymptomatic,126.0,204.0,no,normal,171.0,yes,1.8,1,reversible_defect,34.7,Branch_I,1
66.0,female,asymptomatic,127.0,273.0,no,normal,138.0,no,0.3,2,reversible_defect,26.5,Branch_F,1
65.0,male,asymptomatic,114.0,275.0,no,normal,138.0,no,0.3,0,normal,29.6,Branch_E,1
52.0,female,atypical_angina,148.0,266.0,no,normal,183.0,no,0.1,0,reversible_defect,33.1,Branch_K,0
57.0,male,asymptomatic,118.0,267.0,no,st_t_abnormality,184.0,yes,0.7,1,normal,27.2,Branch_A,1
32.0,female,asymptomatic,137.0,262.0,yes,normal,107.0,no,1.4,2,normal,26.9,Branch_C,0
44.0,male,typical_angina,130.0,334.0,no,st_t_abnormality,163.0,no,0.6,0,reversible_defect,24.7,Branch_J,1
51.0,male,atypical_angina,113.0,303.0,no,st_t_abnormality,147.0,no,0.0,2,reversible_defect,16.9,Branch_A,1
44.0,male,atypical_angina,121.0,191.0,yes,lv_hypertrophy,126.0,no,1.9,0,normal,27.8,Branch_E,0
60.0,female,atypical_angina,155.0,287.0,no,lv_hypertrophy,156.0,no,0.7,0,reversible_defect,24.3,Branch_J,1
72.0,male,asymptomatic,134.0,292.0,no,normal,119.0,yes,0.0,0,normal,22.7,Branch_D,1
43.0,male,non_anginal_pain,114.0,262.0,no,normal,139.0,no,0.7,3,reversible_defect,29.4,Branch_N,0
46.0,male,non_anginal_pain,136.0,305.0,no,normal,132.0,no,0.0,0,reversible_defect,21.0,Branch_O,1
56.0,female,atypical_angina,129.0,,no,st_t_abnormality,139.0,no,3.6,1,reversible_defect,31.1,Branch_A,1
69.0,male,typical_angina,190.0,256.0,no,normal,148.0,no,1.0,0,reversible_defect,29.7,Branch_C,1
43.0,male,atypical_angina,136.0,252.0,no,normal,127.0,no,0.1,3,reversible_defect,25.7,Branch_N,0
56.0,male,asymptomatic,125.0,141.0,no,normal,186.0,no,1.9,2,,27.2,Branch_A,0
70.0,female,non_anginal_pain,155.0,242.0,no,normal,161.0,yes,0.3,0,normal,22.1,Branch_H,1
39.0,male,atypical_angina,100.0,211.0,no,st_t_abnormality,191.0,no,0.7,0,normal,30.9,Branch_O,0
42.0,male,asymptomatic,133.0,184.0,no,st_t_abnormality,146.0,yes,0.3,0,reversible_defect,28.3,Branch_I,0
50.0,female,typical_angina,165.0,,no,st_t_abnormality,137.0,yes,0.1,0,,28.7,Branch_E,0
49.0,male,atypical_angina,129.0,272.0,yes,lv_hypertrophy,190.0,no,0.0,2,reversible_defect,29.8,Branch_A,1
61.0,male,atypical_angina,102.0,244.0,no,normal,137.0,no,1.1,1,normal,24.6,Branch_F,0
56.0,male,asymptomatic,124.0,217.0,no,normal,146.0,no,0.3,0,reversible_defect,20.7,Branch_I,0
38.0,male,asymptomatic,156.0,,no,normal,167.0,no,0.4,1,normal,31.8,Branch_B,1
59.0,male,non_anginal_pain,137.0,,no,st_t_abnormality,122.0,no,1.4,0,reversible_defect,30.6,Branch_H,0
49.0,male,typical_angina,117.0,203.0,no,st_t_abnormality,166.0,no,0.4,0,,25.1,Branch_G,0
65.0,female,atypical_angina,119.0,246.0,yes,normal,163.0,no,1.0,0,normal,29.3,Branch_E,0
48.0,female,non_anginal_pain,121.0,291.0,no,lv_hypertrophy,179.0,no,2.7,0,reversible_defect,33.2,Branch_O,0
48.0,male,atypical_angina,137.0,145.0,no,normal,170.0,no,1.1,1,normal,32.6,Branch_N,0
59.0,male,asymptomatic,154.0,243.0,no,normal,180.0,no,0.2,0,reversible_defect,25.0,Branch_K,1
61.0,male,asymptomatic,149.0,224.0,no,st_t_abnormality,147.0,no,0.3,1,,20.8,Branch_I,1
58.0,female,non_anginal_pain,139.0,239.0,no,lv_hypertrophy,130.0,yes,1.0,0,normal,21.6,Branch_H,0
39.0,male,asymptomatic,108.0,220.0,yes,st_t_abnormality,199.0,no,0.2,1,normal,26.1,Branch_B,0
59.0,male,asymptomatic,108.0,,no,lv_hypertrophy,115.0,yes,1.3,0,normal,34.1,Branch_E,0
45.0,male,non_anginal_pain,140.0,346.0,no,normal,117.0,yes,5.1,0,normal,24.2,Branch_A,1
56.0,male,non_anginal_pain,108.0,229.0,no,st_t_abnormality,163.0,yes,0.4,0,reversible_defect,24.8,Branch_F,0
41.0,male,asymptomatic,127.0,261.0,no,lv_hypertrophy,187.0,yes,0.6,0,normal,24.7,Branch_H,1
58.0,female,atypical_angina,136.0,350.0,no,st_t_abnormality,154.0,no,1.6,0,reversible_defect,25.1,Branch_J,0
47.0,male,asymptomatic,112.0,217.0,no,normal,173.0,no,0.1,0,reversible_defect,27.4,Branch_F,0
42.0,female,typical_angina,114.0,340.0,no,lv_hypertrophy,104.0,no,1.9,2,reversible_defect,21.7,Branch_D,0
60.0,male,non_anginal_pain,129.0,246.0,no,normal,139.0,no,1.2,0,fixed_defect,32.4,Branch_K,0
56.0,female,asymptomatic,140.0,339.0,no,normal,107.0,no,0.3,1,normal,26.8,Branch_C,1
48.0,female,non_anginal_pain,149.0,285.0,no,lv_hypertrophy,168.0,yes,0.8,1,reversible_defect,38.7,Branch_B,1
67.0,female,non_anginal_pain,141.0,262.0,no,lv_hypertrophy,114.0,yes,0.8,0,reversible_defect,22.2,Branch_K,1
50.0,male,non_anginal_pain,132.0,243.0,no,lv_hypertrophy,121.0,no,0.4,1,reversible_defect,34.7,Branch_I,0
54.0,male,atypical_angina,118.0,214.0,no,lv_hypertrophy,162.0,no,5.7,0,normal,33.8,Branch_N,1
56.0,male,atypical_angina,113.0,250.0,no,normal,174.0,no,1.5,1,normal,25.6,Branch_L,0
48.0,male,atypical_angina,122.0,293.0,no,lv_hypertrophy,146.0,yes,1.5,2,reversible_defect,25.7,Branch_N,1
58.0,male,non_anginal_pain,138.0,245.0,no,normal,163.0,no,0.7,2,reversible_defect,23.4,Branch_J,0
49.0,female,non_anginal_pain,137.0,230.0,no,st_t_abnormality,162.0,no,1.3,0,normal,23.4,Branch_M,0
50.0,female,atypical_angina,95.0,233.0,no,normal,145.0,no,1.5,1,reversible_defect,27.5,Branch_C,0
66.0,male,asymptomatic,118.0,298.0,no,lv_hypertrophy,125.0,yes,0.2,0,normal,27.6,Branch_H,1
45.0,male,atypical_angina,151.0,310.0,yes,st_t_abnormality,163.0,no,0.3,0,fixed_defect,20.3,Branch_O,0
32.0,female,non_anginal_pain,132.0,211.0,no,lv_hypertrophy,164.0,no,0.3,0,normal,37.8,Branch_L,0
68.0,female,non_anginal_pain,107.0,,no,normal,171.0,no,0.7,0,normal,26.3,Branch_G,0
77.0,male,atypical_angina,,266.0,yes,normal,157.0,no,1.3,1,normal,27.8,Branch_N,1
50.0,male,asymptomatic,131.0,325.0,no,normal,123.0,no,0.2,2,,24.7,Branch_E,1
37.0,female,non_anginal_pain,138.0,306.0,no,normal,166.0,no,1.9,0,normal,26.3,Branch_A,0
51.0,male,typical_angina,138.0,181.0,no,st_t_abnormality,150.0,no,0.8,1,normal,25.9,Branch_L,0
51.0,male,asymptomatic,125.0,232.0,no,normal,139.0,yes,0.9,1,normal,27.5,Branch_G,0
52.0,female,asymptomatic,119.0,198.0,no,st_t_abnormality,143.0,no,1.8,3,,27.4,Branch_A,1
44.0,female,asymptomatic,167.0,232.0,no,normal,134.0,no,1.1,1,reversible_defect,31.1,Branch_D,1
59.0,female,asymptomatic,148.0,329.0,no,normal,170.0,no,0.2,0,reversible_defect,28.5,Branch_B,0
59.0,female,asymptomatic,145.0,172.0,yes,st_t_abnormality,117.0,no,0.8,0,normal,30.7,Branch_O,0
41.0,male,atypical_angina,141.0,162.0,no,normal,127.0,no,0.4,1,normal,27.5,Branch_M,0
60.0,male,non_anginal_pain,114.0,203.0,yes,normal,142.0,no,2.0,0,reversible_defect,28.5,Branch_N,0
72.0,male,non_anginal_pain,153.0,261.0,no,normal,187.0,no,1.0,3,reversible_defect,26.4,Branch_C,0
56.0,male,atypical_angina,117.0,278.0,no,normal,174.0,no,1.8,3,reversible_defect,,Branch_M,1
51.0,male,atypical_angina,136.0,269.0,no,st_t_abnormality,112.0,no,0.3,3,reversible_defect,29.0,Branch_I,1
53.0,male,typical_angina,103.0,307.0,no,normal,181.0,no,0.8,0,fixed_defect,,Branch_E,0
60.0,male,asymptomatic,96.0,154.0,no,normal,181.0,no,1.0,1,reversible_defect,26.7,Branch_K,0
38.0,female,asymptomatic,136.0,308.0,yes,st_t_abnormality,123.0,yes,2.3,1,normal,27.0,Branch_O,1
55.0,male,asymptomatic,117.0,230.0,yes,st_t_abnormality,92.0,no,0.8,0,reversible_defect,27.6,Branch_G,1
50.0,male,atypical_angina,97.0,284.0,yes,st_t_abnormality,148.0,yes,1.1,0,reversible_defect,27.2,Branch_A,1
71.0,male,atypical_angina,140.0,177.0,yes,normal,176.0,yes,0.8,0,reversible_defect,25.0,Branch_M,1
52.0,male,non_anginal_pain,167.0,246.0,no,lv_hypertrophy,187.0,no,0.6,0,normal,30.9,Branch_C,0
69.0,female,non_anginal_pain,155.0,258.0,no,normal,130.0,no,0.2,3,normal,31.2,Branch_C,1
44.0,male,asymptomatic,127.0,306.0,no,normal,190.0,no,0.4,2,normal,35.5,Branch_J,0
59.0,male,asymptomatic,131.0,164.0,no,lv_hypertrophy,99.0,no,0.5,0,normal,24.8,Branch_L,1
57.0,female,asymptomatic,146.0,248.0,yes,,142.0,yes,2.5,0,reversible_defect,30.5,Branch_L,1
46.0,male,asymptomatic,150.0,190.0,no,st_t_abnormality,140.0,yes,0.8,0,reversible_defect,18.9,Branch_N,0
56.0,male,asymptomatic,125.0,272.0,no,lv_hypertrophy,177.0,yes,0.6,0,normal,31.2,Branch_N,0
65.0,male,non_anginal_pain,132.0,286.0,no,normal,180.0,yes,0.3,0,reversible_defect,20.9,Branch_B,0
51.0,male,typical_angina,136.0,313.0,no,lv_hypertrophy,172.0,no,0.7,1,normal,23.1,Branch_E,0
39.0,male,typical_angina,140.0,218.0,yes,st_t_abnormality,119.0,no,0.3,1,fixed_defect,29.0,Branch_K,0
54.0,male,atypical_angina,129.0,,no,normal,170.0,no,1.2,2,normal,24.7,Branch_F,0
46.0,male,atypical_angina,129.0,317.0,no,normal,162.0,yes,0.5,2,normal,24.1,Branch_K,1
51.0,male,atypical_angina,154.0,,no,normal,112.0,no,2.4,0,reversible_defect,25.3,Branch_G,0
53.0,male,asymptomatic,152.0,278.0,no,lv_hypertrophy,102.0,yes,0.2,1,reversible_defect,30.8,Branch_G,1
39.0,male,atypical_angina,139.0,296.0,yes,normal,174.0,no,1.4,0,reversible_defect,23.3,Branch_A,1
39.0,female,asymptomatic,160.0,233.0,no,normal,146.0,no,1.5,0,normal,27.3,Branch_J,0
58.0,male,asymptomatic,124.0,183.0,no,st_t_abnormality,120.0,yes,0.1,0,reversible_defect,25.8,Branch_M,1
49.0,male,non_anginal_pain,159.0,295.0,no,st_t_abnormality,145.0,no,0.5,0,normal,31.2,Branch_M,0
31.0,male,asymptomatic,140.0,184.0,no,normal,158.0,no,0.8,0,,31.3,Branch_F,0
61.0,male,atypical_angina,187.0,237.0,no,lv_hypertrophy,148.0,yes,0.1,0,fixed_defect,19.2,Branch_K,1
56.0,male,non_anginal_pain,111.0,244.0,no,st_t_abnormality,114.0,no,0.0,0,,32.2,Branch_C,0
48.0,female,atypical_angina,119.0,283.0,no,lv_hypertrophy,193.0,no,0.1,3,reversible_defect,24.8,Branch_J,0
42.0,female,asymptomatic,138.0,213.0,no,normal,173.0,yes,0.0,0,normal,28.6,Branch_G,0
62.0,male,atypical_angina,138.0,210.0,no,normal,142.0,yes,0.3,0,reversible_defect,23.3,Branch_N,1
57.0,male,atypical_angina,164.0,251.0,no,st_t_abnormality,143.0,no,3.4,3,normal,,Branch_K,1
75.0,female,asymptomatic,120.0,298.0,no,normal,158.0,no,0.8,1,fixed_defect,39.0,Branch_B,1
58.0,male,asymptomatic,146.0,365.0,no,st_t_abnormality,124.0,no,0.9,0,reversible_defect,28.1,Branch_N,1
57.0,male,non_anginal_pain,151.0,168.0,no,normal,157.0,no,0.1,3,reversible_defect,25.4,Branch_K,0
52.0,male,non_anginal_pain,143.0,262.0,no,st_t_abnormality,119.0,no,1.1,0,,,Branch_D,1
61.0,male,atypical_angina,115.0,190.0,no,lv_hypertrophy,148.0,no,0.5,0,reversible_defect,20.9,Branch_E,0
60.0,female,asymptomatic,155.0,299.0,no,lv_hypertrophy,123.0,yes,6.1,0,normal,34.0,Branch_C,1
65.0,male,atypical_angina,152.0,197.0,no,lv_hypertrophy,124.0,no,0.6,0,reversible_defect,28.9,Branch_E,0
49.0,female,atypical_angina,141.0,211.0,no,lv_hypertrophy,188.0,no,2.0,2,,22.8,Branch_O,1
50.0,male,atypical_angina,134.0,215.0,no,normal,151.0,no,0.3,0,normal,22.9,Branch_N,1
50.0,male,atypical_angina,135.0,242.0,no,normal,155.0,no,1.5,1,normal,27.6,Branch_I,0
61.0,male,atypical_angina,130.0,263.0,no,lv_hypertrophy,104.0,yes,0.7,1,,31.7,Branch_F,0
67.0,male,non_anginal_pain,142.0,271.0,no,lv_hypertrophy,136.0,no,0.2,3,reversible_defect,22.3,Branch_F,1
50.0,male,atypical_angina,,246.0,yes,,161.0,no,0.9,0,reversible_defect,32.5,Branch_O,0
50.0,male,atypical_angina,117.0,177.0,no,st_t_abnormality,154.0,yes,0.2,0,reversible_defect,27.1,Branch_C,0
57.0,male,non_anginal_pain,113.0,284.0,no,normal,100.0,yes,0.2,3,normal,23.3,Branch_L,1
52.0,female,typical_angina,118.0,243.0,no,lv_hypertrophy,155.0,no,4.4,1,normal,25.4,Branch_O,1
63.0,male,asymptomatic,135.0,306.0,no,lv_hypertrophy,158.0,no,0.5,0,normal,35.4,Branch_M,0
34.0,male,asymptomatic,131.0,209.0,no,st_t_abnormality,180.0,no,1.1,0,normal,,Branch_K,0
47.0,male,non_anginal_pain,135.0,163.0,no,lv_hypertrophy,135.0,yes,0.3,2,normal,24.2,Branch_N,0
47.0,male,asymptomatic,140.0,244.0,no,st_t_abnormality,98.0,no,2.0,1,normal,31.8,Branch_D,1
33.0,female,typical_angina,120.0,313.0,no,lv_hypertrophy,127.0,yes,0.3,1,normal,28.5,Branch_O,0
45.0,female,typical_angina,156.0,254.0,no,normal,125.0,yes,2.0,2,,,Branch_B,1
46.0,female,asymptomatic,126.0,236.0,no,lv_hypertrophy,167.0,no,3.4,0,reversible_defect,31.8,Branch_A,1
52.0,male,asymptomatic,124.0,201.0,no,normal,88.0,yes,1.5,0,,32.1,Branch_C,1
64.0,male,asymptomatic,139.0,337.0,no,normal,140.0,no,1.4,1,normal,29.0,Branch_J,0
52.0,male,typical_angina,100.0,192.0,no,normal,183.0,no,1.7,2,fixed_defect,24.7,Branch_D,0
45.0,male,asymptomatic,118.0,208.0,no,normal,150.0,yes,0.1,0,reversible_defect,25.4,Branch_J,0
53.0,male,atypical_angina,148.0,276.0,no,normal,171.0,yes,1.8,1,reversible_defect,28.8,Branch_B,1
63.0,male,atypical_angina,101.0,149.0,no,lv_hypertrophy,112.0,no,0.6,0,fixed_defect,21.6,Branch_K,0
45.0,male,atypical_angina,150.0,312.0,no,st_t_abnormality,113.0,yes,0.8,0,reversible_defect,33.5,Branch_D,1
46.0,male,asymptomatic,157.0,278.0,no,lv_hypertrophy,183.0,yes,0.6,3,reversible_defect,35.2,Branch_H,1
59.0,male,typical_angina,125.0,293.0,no,normal,152.0,no,2.3,0,,26.4,Branch_B,1
52.0,female,asymptomatic,136.0,275.0,no,normal,152.0,yes,0.4,0,normal,29.1,Branch_O,1
60.0,female,non_anginal_pain,150.0,238.0,no,st_t_abnormality,124.0,no,0.5,2,fixed_defect,32.8,Branch_F,1
54.0,male,asymptomatic,,191.0,no,st_t_abnormality,152.0,no,2.3,0,normal,36.3,Branch_J,1
60.0,female,asymptomatic,146.0,239.0,no,st_t_abnormality,124.0,yes,0.2,0,normal,34.5,Branch_H,0
45.0,male,asymptomatic,120.0,195.0,no,lv_hypertrophy,177.0,no,1.1,2,normal,19.7,Branch_I,0
54.0,female,atypical_angina,123.0,271.0,no,lv_hypertrophy,202.0,no,0.5,0,normal,26.1,Branch_G,0
52.0,female,typical_angina,117.0,288.0,no,st_t_abnormality,161.0,no,0.9,1,normal,29.8,Branch_B,0
43.0,male,non_anginal_pain,137.0,323.0,no,lv_hypertrophy,135.0,yes,0.4,0,fixed_defect,25.3,Branch_M,1
40.0,female,atypical_angina,151.0,265.0,no,st_t_abnormality,92.0,no,1.3,0,normal,35.5,Branch_J,0
60.0,female,typical_angina,128.0,294.0,no,st_t_abnormality,111.0,yes,0.1,1,normal,34.8,Branch_D,1
51.0,female,atypical_angina,109.0,231.0,yes,normal,186.0,no,1.6,0,normal,23.8,Branch_B,0
45.0,female,atypical_angina,113.0,221.0,no,normal,126.0,yes,0.3,2,,26.8,Branch_N,0
53.0,male,typical_angina,138.0,271.0,no,normal,141.0,no,1.1,3,reversible_defect,24.1,Branch_E,0
64.0,male,typical_angina,162.0,226.0,no,st_t_abnormality,165.0,yes,0.5,2,normal,26.6,Branch_N,1
33.0,female,asymptomatic,138.0,260.0,no,st_t_abnormality,184.0,no,1.1,0,normal,26.5,Branch_L,0
41.0,male,atypical_angina,124.0,191.0,yes,normal,145.0,no,3.1,0,normal,31.8,Branch_O,0
46.0,male,asymptomatic,144.0,200.0,no,st_t_abnormality,141.0,no,1.0,2,normal,23.5,Branch_J,0
67.0,male,asymptomatic,127.0,279.0,no,normal,152.0,yes,2.0,0,,16.0,Branch_C,1
57.0,male,typical_angina,125.0,292.0,no,normal,136.0,no,0.4,1,normal,20.3,Branch_A,1
61.0,male,asymptomatic,115.0,195.0,no,lv_hypertrophy,137.0,no,1.6,2,fixed_defect,22.9,Branch_D,0
44.0,female,non_anginal_pain,155.0,281.0,yes,normal,159.0,no,0.3,0,reversible_defect,24.5,Branch_G,0
44.0,male,asymptomatic,94.0,218.0,no,normal,154.0,no,1.0,0,reversible_defect,28.3,Branch_J,0
58.0,female,typical_angina,145.0,247.0,no,normal,199.0,yes,1.6,1,normal,22.6,Branch_N,0
55.0,female,atypical_angina,123.0,320.0,yes,normal,160.0,no,0.0,1,normal,22.1,Branch_C,0
59.0,male,typical_angina,124.0,288.0,no,st_t_abnormality,176.0,yes,0.6,0,reversible_defect,23.3,Branch_J,1
52.0,male,non_anginal_pain,160.0,287.0,no,lv_hypertrophy,125.0,yes,0.5,1,normal,22.5,Branch_B,0
57.0,male,asymptomatic,119.0,345.0,no,st_t_abnormality,162.0,yes,1.1,2,reversible_defect,25.0,Branch_H,1
55.0,female,asymptomatic,119.0,209.0,no,st_t_abnormality,133.0,no,0.6,0,normal,24.8,Branch_B,0
61.0,female,asymptomatic,129.0,195.0,no,normal,159.0,no,1.8,0,normal,30.6,Branch_F,1
61.0,male,asymptomatic,138.0,208.0,no,st_t_abnormality,166.0,no,1.2,1,normal,23.0,Branch_J,1
39.0,male,asymptomatic,123.0,233.0,no,normal,151.0,yes,1.7,2,reversible_defect,25.9,Branch_L,1
34.0,male,typical_angina,104.0,126.0,no,normal,202.0,no,0.6,3,reversible_defect,25.0,Branch_M,0
63.0,male,asymptomatic,116.0,235.0,no,lv_hypertrophy,183.0,no,1.4,0,reversible_defect,31.1,Branch_H,0
65.0,female,atypical_angina,153.0,218.0,yes,normal,177.0,no,0.3,2,,26.8,Branch_D,1
45.0,female,typical_angina,132.0,287.0,no,normal,168.0,yes,5.5,2,reversible_defect,32.2,Branch_N,1
37.0,male,non_anginal_pain,139.0,264.0,no,normal,191.0,no,0.3,1,normal,22.3,Branch_O,0
55.0,female,asymptomatic,127.0,215.0,no,lv_hypertrophy,117.0,no,0.7,0,normal,27.3,Branch_O,0
62.0,male,atypical_angina,120.0,277.0,no,normal,182.0,no,2.0,0,reversible_defect,24.9,Branch_L,0
70.0,female,non_anginal_pain,160.0,284.0,no,normal,127.0,no,0.8,0,reversible_defect,22.0,Branch_L,1
59.0,male,atypical_angina,128.0,206.0,no,lv_hypertrophy,137.0,yes,0.5,0,normal,27.2,Branch_B,0
51.0,male,typical_angina,123.0,,no,normal,163.0,no,1.4,0,normal,35.3,Branch_I,0
46.0,female,typical_angina,150.0,130.0,no,lv_hypertrophy,178.0,yes,0.2,3,normal,23.7,Branch_G,0
54.0,male,asymptomatic,119.0,189.0,yes,normal,123.0,no,0.1,0,normal,26.9,Branch_D,1
51.0,female,asymptomatic,121.0,207.0,no,st_t_abnormality,138.0,no,0.5,3,normal,21.6,Branch_B,0
45.0,female,typical_angina,131.0,250.0,no,lv_hypertrophy,152.0,yes,1.9,0,reversible_defect,20.9,Branch_D,0
72.0,male,atypical_angina,131.0,197.0,no,st_t_abnormality,146.0,no,1.3,2,normal,24.0,Branch_N,0
70.0,male,atypical_angina,135.0,219.0,no,st_t_abnormality,170.0,yes,0.8,0,reversible_defect,25.5,Branch_N,1
64.0,male,typical_angina,167.0,182.0,no,normal,202.0,yes,0.2,1,normal,25.7,Branch_L,1
46.0,male,non_anginal_pain,137.0,255.0,no,st_t_abnormality,160.0,no,0.8,1,normal,26.5,Branch_B,0
62.0,male,asymptomatic,94.0,,no,lv_hypertrophy,133.0,no,0.8,3,normal,20.1,Branch_K,0
60.0,male,non_anginal_pain,137.0,267.0,no,st_t_abnormality,120.0,no,0.6,0,normal,24.7,Branch_B,1
58.0,female,atypical_angina,132.0,247.0,yes,lv_hypertrophy,143.0,no,0.4,0,normal,29.8,Branch_K,0
65.0,male,non_anginal_pain,132.0,166.0,no,st_t_abnormality,128.0,yes,0.4,3,fixed_defect,21.4,Branch_A,0
60.0,male,typical_angina,135.0,214.0,no,st_t_abnormality,161.0,no,0.0,0,reversible_defect,25.9,Branch_E,0
61.0,female,atypical_angina,131.0,225.0,no,normal,160.0,no,0.5,1,normal,28.8,Branch_B,0
60.0,male,asymptomatic,130.0,225.0,no,st_t_abnormality,139.0,yes,1.1,0,,24.0,Branch_O,1
57.0,female,asymptomatic,141.0,250.0,yes,lv_hypertrophy,196.0,no,0.2,0,reversible_defect,29.0,Branch_I,0
38.0,male,asymptomatic,122.0,320.0,no,st_t_abnormality,133.0,no,0.1,1,normal,20.7,Branch_N,1
55.0,female,asymptomatic,115.0,288.0,no,normal,147.0,yes,0.8,1,reversible_defect,31.5,Branch_A,1
49.0,male,non_anginal_pain,182.0,195.0,yes,st_t_abnormality,165.0,no,1.6,1,reversible_defect,29.1,Branch_L,0
42.0,male,asymptomatic,119.0,281.0,no,st_t_abnormality,171.0,no,0.0,0,reversible_defect,27.8,Branch_H,1
69.0,female,non_anginal_pain,133.0,279.0,no,lv_hypertrophy,179.0,yes,0.2,1,fixed_defect,32.6,Branch_H,1
70.0,male,typical_angina,106.0,204.0,no,normal,160.0,no,0.8,3,reversible_defect,26.0,Branch_N,0
66.0,male,typical_angina,133.0,290.0,no,normal,174.0,yes,2.4,0,normal,24.7,Branch_A,1
56.0,male,typical_angina,115.0,238.0,yes,normal,135.0,yes,0.9,0,fixed_defect,33.7,Branch_O,1
66.0,female,typical_angina,123.0,173.0,no,normal,171.0,no,0.7,0,reversible_defect,35.8,Branch_A,0
54.0,male,atypical_angina,149.0,270.0,no,lv_hypertrophy,171.0,no,4.7,2,,24.4,Branch_F,1
56.0,male,asymptomatic,139.0,257.0,no,normal,185.0,yes,2.2,0,reversible_defect,27.0,Branch_C,1
44.0,male,asymptomatic,141.0,234.0,no,st_t_abnormality,112.0,no,0.5,1,normal,32.2,Branch_H,1
58.0,male,non_anginal_pain,101.0,244.0,no,normal,129.0,no,2.9,0,,27.1,Branch_I,1
55.0,male,typical_angina,162.0,209.0,no,normal,169.0,no,1.4,1,fixed_defect,30.2,Branch_J,1
42.0,male,asymptomatic,111.0,278.0,no,lv_hypertrophy,89.0,no,0.4,2,reversible_defect,31.0,Branch_L,0
54.0,male,atypical_angina,157.0,244.0,no,normal,161.0,no,0.2,0,fixed_defect,25.0,Branch_L,0
53.0,male,typical_angina,148.0,255.0,yes,normal,174.0,no,0.2,0,reversible_defect,29.4,Branch_O,0
70.0,male,atypical_angina,141.0,265.0,no,normal,137.0,no,0.6,0,,27.5,Branch_G,0
62.0,male,atypical_angina,116.0,186.0,no,lv_hypertrophy,140.0,no,0.2,0,reversible_defect,22.0,Branch_C,0
54.0,male,atypical_angina,134.0,199.0,yes,lv_hypertrophy,125.0,no,3.1,0,fixed_defect,23.0,Branch_C,1
56.0,male,asymptomatic,123.0,131.0,yes,normal,138.0,no,0.3,2,reversible_defect,24.6,Branch_E,1
54.0,male,asymptomatic,131.0,275.0,no,st_t_abnormality,139.0,yes,2.5,0,normal,31.7,Branch_J,0
52.0,male,asymptomatic,127.0,183.0,no,normal,134.0,yes,1.1,0,normal,31.8,Branch_A,1
44.0,male,typical_angina,96.0,253.0,no,st_t_abnormality,133.0,no,2.5,0,reversible_defect,30.9,Branch_O,0
53.0,male,asymptomatic,150.0,265.0,no,normal,144.0,no,0.1,0,normal,29.5,Branch_O,0
47.0,female,asymptomatic,130.0,277.0,no,lv_hypertrophy,143.0,no,0.8,3,,29.4,Branch_C,0
43.0,male,atypical_angina,123.0,183.0,no,lv_hypertrophy,193.0,no,0.2,0,reversible_defect,28.7,Branch_L,0
59.0,male,non_anginal_pain,121.0,,no,normal,141.0,yes,4.2,0,reversible_defect,29.3,Branch_I,1
58.0,male,non_anginal_pain,137.0,333.0,no,normal,158.0,yes,2.1,0,reversible_defect,29.6,Branch_H,0
38.0,male,non_anginal_pain,116.0,335.0,no,normal,137.0,no,0.3,3,reversible_defect,21.2,Branch_L,1
53.0,male,typical_angina,94.0,297.0,no,normal,136.0,no,3.2,2,reversible_defect,23.9,Branch_I,1
63.0,male,non_anginal_pain,138.0,264.0,no,normal,111.0,no,1.4,0,normal,,Branch_E,1
64.0,male,typical_angina,140.0,194.0,yes,normal,114.0,yes,1.0,1,fixed_defect,32.5,Branch_I,0
63.0,male,atypical_angina,128.0,283.0,no,lv_hypertrophy,122.0,no,1.9,2,reversible_defect,34.9,Branch_C,1
54.0,female,typical_angina,111.0,238.0,no,normal,154.0,no,0.9,2,reversible_defect,17.7,Branch_D,1
46.0,female,asymptomatic,133.0,275.0,yes,lv_hypertrophy,175.0,yes,1.8,0,normal,34.5,Branch_O,0
44.0,male,atypical_angina,106.0,213.0,no,normal,109.0,yes,1.1,1,normal,27.9,Branch_C,0
57.0,male,atypical_angina,114.0,237.0,yes,st_t_abnormality,137.0,no,0.1,1,fixed_defect,32.1,Branch_I,1
57.0,female,atypical_angina,118.0,255.0,no,normal,119.0,no,0.5,0,reversible_defect,29.8,Branch_E,0
66.0,male,asymptomatic,145.0,259.0,no,lv_hypertrophy,144.0,no,0.9,0,normal,34.0,Branch_G,0
64.0,female,non_anginal_pain,125.0,272.0,no,normal,175.0,no,1.1,0,reversible_defect,28.4,Branch_D,1
53.0,male,asymptomatic,123.0,216.0,no,normal,140.0,no,0.2,0,reversible_defect,21.4,Branch_I,0
43.0,female,atypical_angina,164.0,176.0,no,st_t_abnormality,149.0,yes,1.4,0,normal,27.0,Branch_I,1
51.0,female,typical_angina,137.0,330.0,no,st_t_abnormality,183.0,no,1.0,2,fixed_defect,29.8,Branch_J,1
56.0,male,non_anginal_pain,137.0,375.0,no,st_t_abnormality,161.0,no,1.7,2,fixed_defect,26.5,Branch_E,1
52.0,male,atypical_angina,125.0,269.0,no,normal,133.0,no,2.0,0,normal,30.5,Branch_I,0
49.0,male,asymptomatic,121.0,177.0,no,normal,154.0,no,2.4,0,normal,,Branch_K,0
56.0,male,asymptomatic,94.0,206.0,no,lv_hypertrophy,131.0,no,0.5,1,normal,24.8,Branch_K,0
49.0,male,non_anginal_pain,147.0,272.0,no,,160.0,yes,0.5,0,reversible_defect,22.6,Branch_I,1
48.0,female,asymptomatic,139.0,316.0,no,st_t_abnormality,162.0,no,1.8,0,normal,25.7,Branch_E,1
57.0,male,non_anginal_pain,128.0,183.0,no,normal,119.0,no,0.1,2,normal,28.4,Branch_H,0
50.0,male,atypical_angina,129.0,240.0,no,normal,154.0,yes,0.8,0,normal,18.7,Branch_I,1
56.0,female,non_anginal_pain,144.0,256.0,no,lv_hypertrophy,147.0,no,0.2,0,reversible_defect,24.0,Branch_O,0
56.0,male,typical_angina,105.0,291.0,no,st_t_abnormality,163.0,no,0.4,1,fixed_defect,18.5,Branch_F,0
44.0,male,asymptomatic,121.0,228.0,no,normal,169.0,yes,3.7,1,normal,24.7,Branch_E,0
50.0,female,typical_angina,112.0,165.0,no,lv_hypertrophy,161.0,no,0.2,0,reversible_defect,32.9,Branch_L,0
67.0,male,atypical_angina,161.0,278.0,no,st_t_abnormality,143.0,no,0.2,1,normal,22.2,Branch_J,0
44.0,male,non_anginal_pain,146.0,304.0,no,normal,171.0,no,1.1,3,normal,30.7,Branch_G,1
35.0,male,typical_angina,94.0,242.0,no,normal,130.0,no,0.0,0,normal,40.3,Branch_A,0
37.0,female,typical_angina,105.0,267.0,no,st_t_abnormality,120.0,no,0.1,1,reversible_defect,34.0,Branch_K,0
54.0,male,asymptomatic,129.0,221.0,no,normal,77.0,no,1.5,0,reversible_defect,28.1,Branch_L,1
54.0,male,typical_angina,123.0,202.0,no,st_t_abnormality,148.0,no,1.5,0,normal,31.4,Branch_N,0
53.0,male,non_anginal_pain,108.0,299.0,no,st_t_abnormality,131.0,yes,0.3,0,reversible_defect,21.3,Branch_H,1
65.0,male,atypical_angina,164.0,266.0,no,normal,159.0,no,1.4,0,reversible_defect,20.4,Branch_H,1
30.0,female,atypical_angina,136.0,271.0,no,lv_hypertrophy,105.0,yes,0.9,0,reversible_defect,27.6,Branch_D,1
58.0,male,atypical_angina,139.0,,no,normal,135.0,no,0.0,2,reversible_defect,29.3,Branch_G,1
68.0,female,asymptomatic,,191.0,no,normal,161.0,no,0.0,0,reversible_defect,32.4,Branch_A,1
44.0,male,asymptomatic,143.0,217.0,no,st_t_abnormality,126.0,no,1.2,2,normal,24.9,Branch_H,1
51.0,male,typical_angina,125.0,254.0,no,st_t_abnormality,159.0,no,0.4,0,normal,28.4,Branch_K,0
47.0,female,asymptomatic,126.0,217.0,no,normal,137.0,no,0.6,2,reversible_defect,28.2,Branch_L,1
46.0,male,non_anginal_pain,141.0,287.0,no,st_t_abnormality,149.0,no,0.0,0,fixed_defect,26.9,Branch_J,0
51.0,male,non_anginal_pain,103.0,236.0,no,,164.0,yes,1.0,0,normal,27.2,Branch_M,0
67.0,female,asymptomatic,158.0,194.0,no,lv_hypertrophy,172.0,no,0.7,1,reversible_defect,23.7,Branch_J,1
71.0,male,asymptomatic,134.0,249.0,no,lv_hypertrophy,152.0,yes,0.9,2,reversible_defect,28.8,Branch_L,1
51.0,male,asymptomatic,153.0,255.0,no,normal,131.0,no,0.3,0,reversible_defect,28.4,Branch_G,1
71.0,female,non_anginal_pain,113.0,295.0,no,normal,139.0,no,0.0,0,reversible_defect,25.5,Branch_J,1
54.0,male,non_anginal_pain,115.0,266.0,no,st_t_abnormality,165.0,no,0.1,1,normal,30.5,Branch_J,1
70.0,male,atypical_angina,111.0,270.0,no,normal,127.0,yes,1.4,1,reversible_defect,32.1,Branch_I,1
53.0,male,typical_angina,135.0,263.0,yes,st_t_abnormality,146.0,no,2.8,0,reversible_defect,30.5,Branch_I,1
55.0,male,asymptomatic,132.0,236.0,no,normal,141.0,no,0.2,2,normal,22.8,Branch_L,0
57.0,male,typical_angina,123.0,209.0,no,normal,148.0,no,2.3,0,normal,27.9,Branch_D,1
80.0,female,atypical_angina,114.0,261.0,no,normal,127.0,no,1.0,0,reversible_defect,23.4,Branch_E,0
62.0,male,typical_angina,109.0,229.0,no,normal,107.0,no,3.3,1,normal,27.9,Branch_H,1
48.0,male,atypical_angina,130.0,334.0,no,normal,162.0,yes,0.1,3,normal,23.4,Branch_J,1
63.0,male,non_anginal_pain,123.0,316.0,no,st_t_abnormality,172.0,no,1.1,0,normal,33.2,Branch_H,0
51.0,male,non_anginal_pain,119.0,279.0,no,st_t_abnormality,109.0,no,1.3,0,normal,31.0,Branch_C,0
50.0,male,non_anginal_pain,157.0,,no,normal,158.0,yes,0.1,0,normal,32.7,Branch_M,1
62.0,female,typical_angina,130.0,241.0,no,normal,175.0,no,0.1,1,reversible_defect,32.2,Branch_I,0
54.0,male,non_anginal_pain,153.0,180.0,no,lv_hypertrophy,164.0,yes,0.5,0,reversible_defect,26.3,Branch_G,0
57.0,male,atypical_angina,122.0,235.0,no,normal,140.0,no,0.7,0,reversible_defect,25.6,Branch_N,1
54.0,female,asymptomatic,135.0,251.0,no,st_t_abnormality,128.0,no,1.3,0,,35.3,Branch_G,0
57.0,male,non_anginal_pain,130.0,258.0,no,st_t_abnormality,152.0,no,1.2,2,normal,26.8,Branch_C,0
58.0,male,non_anginal_pain,102.0,270.0,yes,st_t_abnormality,156.0,no,1.5,0,normal,21.4,Branch_O,0
37.0,female,non_anginal_pain,155.0,294.0,no,lv_hypertrophy,152.0,no,1.4,1,reversible_defect,32.0,Branch_F,0
60.0,male,asymptomatic,129.0,210.0,no,st_t_abnormality,146.0,no,0.2,0,reversible_defect,28.1,Branch_N,0
45.0,male,asymptomatic,144.0,210.0,no,lv_hypertrophy,125.0,no,4.0,0,normal,34.3,Branch_H,0
41.0,male,non_anginal_pain,118.0,321.0,no,lv_hypertrophy,160.0,no,0.3,0,reversible_defect,28.6,Branch_D,0
53.0,male,non_anginal_pain,128.0,286.0,no,normal,161.0,no,0.9,0,normal,27.4,Branch_F,1
55.0,male,typical_angina,,226.0,no,normal,155.0,yes,1.0,0,normal,34.4,Branch_N,0
48.0,female,asymptomatic,152.0,240.0,no,normal,153.0,yes,1.9,0,reversible_defect,20.6,Branch_O,0
61.0,male,atypical_angina,,241.0,no,normal,189.0,no,1.9,0,normal,24.9,Branch_C,1
42.0,female,atypical_angina,137.0,248.0,no,st_t_abnormality,136.0,no,0.6,0,reversible_defect,,Branch_O,0
50.0,female,asymptomatic,154.0,271.0,no,normal,179.0,no,1.1,0,,17.6,Branch_M,1
49.0,male,asymptomatic,151.0,378.0,no,normal,133.0,no,0.1,0,reversible_defect,31.4,Branch_J,0
54.0,female,typical_angina,144.0,256.0,yes,normal,176.0,no,0.2,0,normal,25.0,Branch_C,0
57.0,female,typical_angina,107.0,280.0,no,st_t_abnormality,178.0,no,0.1,0,normal,31.6,Branch_I,0
45.0,female,typical_angina,119.0,158.0,no,st_t_abnormality,143.0,no,0.6,1,normal,29.3,Branch_G,0
61.0,male,non_anginal_pain,114.0,221.0,no,lv_hypertrophy,188.0,no,1.6,3,reversible_defect,30.2,Branch_B,1
55.0,male,typical_angina,143.0,310.0,no,normal,161.0,yes,0.4,1,fixed_defect,25.5,Branch_O,0
37.0,male,asymptomatic,134.0,267.0,no,normal,130.0,no,1.0,0,fixed_defect,24.1,Branch_J,1
36.0,male,asymptomatic,107.0,126.0,no,lv_hypertrophy,141.0,yes,0.5,3,normal,,Branch_B,0
54.0,male,non_anginal_pain,128.0,281.0,no,st_t_abnormality,176.0,no,1.9,3,normal,31.6,Branch_F,0
52.0,male,non_anginal_pain,106.0,,no,st_t_abnormality,171.0,no,1.6,0,normal,27.3,Branch_M,0
53.0,male,atypical_angina,130.0,142.0,no,st_t_abnormality,126.0,no,2.2,0,reversible_defect,24.3,Branch_G,0
54.0,female,typical_angina,103.0,325.0,no,normal,147.0,no,0.2,1,,22.1,Branch_H,1
56.0,male,asymptomatic,140.0,126.0,yes,lv_hypertrophy,155.0,no,0.3,3,normal,28.4,Branch_C,0
63.0,male,typical_angina,137.0,295.0,no,st_t_abnormality,138.0,yes,0.1,2,fixed_defect,25.0,Branch_B,1
44.0,male,typical_angina,163.0,246.0,no,st_t_abnormality,202.0,no,0.1,1,,27.2,Branch_O,1
43.0,male,atypical_angina,145.0,126.0,no,st_t_abnormality,155.0,yes,0.3,1,normal,26.4,Branch_O,0
44.0,male,typical_angina,,269.0,no,normal,149.0,no,1.9,3,normal,25.5,Branch_B,0
57.0,male,non_anginal_pain,145.0,306.0,no,normal,177.0,no,1.4,0,normal,28.8,Branch_I,0
65.0,male,asymptomatic,107.0,265.0,no,st_t_abnormality,142.0,no,0.7,0,reversible_defect,30.0,Branch_K,1
50.0,male,asymptomatic,115.0,276.0,no,st_t_abnormality,173.0,no,1.2,2,normal,36.3,Branch_N,0
31.0,male,non_anginal_pain,137.0,225.0,no,normal,112.0,no,1.3,0,reversible_defect,30.9,Branch_I,0
39.0,male,asymptomatic,94.0,149.0,no,normal,140.0,no,1.7,0,normal,34.7,Branch_N,1
47.0,male,non_anginal_pain,130.0,282.0,no,lv_hypertrophy,174.0,yes,0.3,0,reversible_defect,23.8,Branch_B,0
49.0,male,asymptomatic,114.0,337.0,no,normal,186.0,no,0.0,0,reversible_defect,20.3,Branch_A,1
50.0,male,non_anginal_pain,133.0,305.0,yes,normal,132.0,no,0.8,0,normal,27.4,Branch_G,1
54.0,male,atypical_angina,113.0,143.0,yes,st_t_abnormality,130.0,no,0.6,1,normal,,Branch_D,0
51.0,male,asymptomatic,138.0,167.0,yes,lv_hypertrophy,163.0,no,0.4,0,normal,30.7,Branch_L,0
63.0,female,atypical_angina,131.0,202.0,yes,st_t_abnormality,136.0,yes,1.0,1,reversible_defect,33.0,Branch_F,0
48.0,female,typical_angina,155.0,163.0,no,lv_hypertrophy,144.0,yes,0.6,0,normal,16.1,Branch_G,0
46.0,female,atypical_angina,131.0,248.0,no,normal,170.0,no,1.7,3,,33.1,Branch_I,1
58.0,male,atypical_angina,118.0,266.0,no,lv_hypertrophy,137.0,yes,0.5,1,normal,29.0,Branch_O,0
40.0,male,atypical_angina,127.0,172.0,no,lv_hypertrophy,105.0,no,0.1,3,normal,20.6,Branch_B,0
58.0,male,non_anginal_pain,108.0,286.0,no,st_t_abnormality,120.0,no,0.0,0,reversible_defect,30.8,Branch_I,1
55.0,female,asymptomatic,138.0,277.0,no,st_t_abnormality,150.0,yes,0.3,0,fixed_defect,28.3,Branch_F,0
53.0,female,atypical_angina,141.0,217.0,no,normal,107.0,no,0.5,2,reversible_defect,,Branch_A,0
68.0,female,non_anginal_pain,173.0,237.0,no,normal,143.0,no,1.9,2,reversible_defect,32.0,Branch_M,1
48.0,female,atypical_angina,120.0,145.0,no,normal,118.0,no,0.6,0,fixed_defect,29.4,Branch_N,0
73.0,male,asymptomatic,126.0,229.0,no,normal,188.0,no,0.7,1,normal,20.9,Branch_C,0
52.0,female,atypical_angina,121.0,246.0,no,lv_hypertrophy,200.0,no,0.2,1,,26.9,Branch_L,0
43.0,female,typical_angina,135.0,255.0,no,normal,126.0,no,1.7,0,reversible_defect,20.2,Branch_K,0
55.0,male,non_anginal_pain,137.0,266.0,no,st_t_abnormality,156.0,no,1.5,1,reversible_defect,30.4,Branch_K,1
44.0,female,asymptomatic,130.0,259.0,no,normal,128.0,no,4.1,0,reversible_defect,33.8,Branch_G,0
47.0,male,asymptomatic,149.0,232.0,no,normal,143.0,no,1.9,0,normal,21.9,Branch_E,0
58.0,female,non_anginal_pain,121.0,261.0,no,normal,191.0,yes,2.8,2,reversible_defect,24.5,Branch_B,0
59.0,female,asymptomatic,148.0,298.0,yes,normal,139.0,yes,0.1,0,reversible_defect,23.5,Branch_A,0
48.0,male,atypical_angina,140.0,241.0,yes,st_t_abnormality,143.0,no,1.8,2,normal,25.5,Branch_C,0
63.0,male,typical_angina,131.0,263.0,no,lv_hypertrophy,128.0,no,0.0,1,fixed_defect,29.4,Branch_H,0
64.0,male,typical_angina,126.0,,yes,normal,176.0,yes,6.0,3,normal,25.5,Branch_C,1
67.0,female,typical_angina,172.0,212.0,no,lv_hypertrophy,75.0,yes,0.6,0,normal,30.4,Branch_K,1
59.0,female,atypical_angina,117.0,273.0,yes,st_t_abnormality,140.0,no,0.2,0,normal,32.3,Branch_J,0
66.0,male,non_anginal_pain,136.0,217.0,no,st_t_abnormality,149.0,no,0.1,0,reversible_defect,32.5,Branch_F,0
37.0,female,atypical_angina,118.0,266.0,no,normal,135.0,no,2.6,1,reversible_defect,22.5,Branch_B,1
51.0,male,non_anginal_pain,,247.0,no,normal,170.0,yes,0.8,0,normal,33.7,Branch_H,1
46.0,male,non_anginal_pain,146.0,230.0,no,,178.0,no,0.0,1,normal,34.1,Branch_M,1
55.0,male,asymptomatic,119.0,229.0,yes,st_t_abnormality,118.0,no,1.5,0,fixed_defect,34.5,Branch_F,0
49.0,male,asymptomatic,140.0,220.0,yes,normal,198.0,no,1.5,0,normal,26.8,Branch_M,0
53.0,male,atypical_angina,135.0,160.0,no,lv_hypertrophy,117.0,yes,0.7,2,normal,24.1,Branch_E,0
71.0,male,atypical_angina,122.0,266.0,no,normal,180.0,no,0.2,2,normal,23.1,Branch_B,0
52.0,male,non_anginal_pain,144.0,258.0,no,st_t_abnormality,153.0,no,0.2,0,reversible_defect,22.5,Branch_J,0
58.0,male,non_anginal_pain,138.0,290.0,no,normal,138.0,no,0.5,1,normal,27.6,Branch_N,1
52.0,female,atypical_angina,135.0,218.0,no,lv_hypertrophy,141.0,no,0.8,0,fixed_defect,31.3,Branch_N,0
55.0,male,atypical_angina,130.0,345.0,yes,normal,149.0,no,3.9,2,reversible_defect,33.4,Branch_O,1
54.0,female,asymptomatic,138.0,,no,normal,155.0,yes,1.0,0,normal,25.3,Branch_B,0
58.0,male,non_anginal_pain,135.0,200.0,no,st_t_abnormality,129.0,no,0.2,0,reversible_defect,27.3,Branch_A,0
64.0,male,typical_angina,132.0,194.0,no,normal,145.0,no,1.0,0,normal,27.0,Branch_I,0
69.0,male,non_anginal_pain,120.0,156.0,no,lv_hypertrophy,132.0,yes,3.3,0,normal,24.6,Branch_O,1
57.0,male,asymptomatic,160.0,326.0,no,st_t_abnormality,122.0,yes,0.2,2,normal,30.8,Branch_O,1
59.0,male,typical_angina,113.0,317.0,yes,normal,131.0,no,0.2,0,fixed_defect,29.1,Branch_E,1
44.0,male,asymptomatic,138.0,277.0,no,normal,124.0,no,0.0,0,reversible_defect,28.1,Branch_F,1
53.0,male,atypical_angina,126.0,199.0,no,lv_hypertrophy,140.0,no,0.9,0,reversible_defect,29.1,Branch_J,1
62.0,male,non_anginal_pain,161.0,340.0,yes,st_t_abnormality,160.0,yes,0.0,0,fixed_defect,,Branch_N,1
62.0,male,non_anginal_pain,116.0,228.0,no,lv_hypertrophy,153.0,no,5.2,1,normal,30.2,Branch_C,1
56.0,male,typical_angina,119.0,232.0,no,normal,195.0,yes,2.3,0,reversible_defect,23.7,Branch_O,0
62.0,female,asymptomatic,115.0,321.0,yes,lv_hypertrophy,99.0,no,0.2,1,normal,,Branch_M,1
58.0,male,non_anginal_pain,136.0,280.0,no,st_t_abnormality,161.0,no,0.3,2,normal,28.6,Branch_B,0
65.0,female,asymptomatic,108.0,360.0,no,st_t_abnormality,150.0,no,0.3,0,reversible_defect,25.5,Branch_M,1
57.0,female,atypical_angina,123.0,259.0,no,normal,169.0,no,0.1,2,normal,28.6,Branch_J,0
51.0,female,asymptomatic,94.0,225.0,no,normal,166.0,yes,1.6,0,normal,29.1,Branch_O,1
57.0,female,asymptomatic,135.0,214.0,no,lv_hypertrophy,146.0,no,1.5,0,normal,32.4,Branch_D,0
29.0,male,non_anginal_pain,122.0,150.0,yes,lv_hypertrophy,154.0,no,0.3,0,normal,22.8,Branch_O,0
57.0,male,atypical_angina,106.0,232.0,no,normal,133.0,no,1.5,0,reversible_defect,33.5,Branch_A,1
29.0,male,asymptomatic,149.0,306.0,no,lv_hypertrophy,164.0,yes,1.1,0,normal,27.6,Branch_B,0
38.0,female,non_anginal_pain,109.0,277.0,no,normal,107.0,no,0.4,0,reversible_defect,25.2,Branch_G,1
58.0,male,asymptomatic,145.0,247.0,no,normal,168.0,yes,0.6,2,normal,25.1,Branch_J,0
58.0,male,non_anginal_pain,119.0,194.0,no,normal,149.0,yes,3.3,0,fixed_defect,23.0,Branch_C,1
44.0,female,atypical_angina,158.0,258.0,no,normal,139.0,yes,3.2,3,reversible_defect,19.7,Branch_E,1
48.0,male,typical_angina,144.0,299.0,no,normal,145.0,yes,1.9,0,fixed_defect,30.5,Branch_F,1
66.0,male,asymptomatic,114.0,268.0,no,normal,146.0,yes,0.3,1,normal,36.4,Branch_B,1
50.0,female,asymptomatic,115.0,255.0,no,normal,180.0,no,0.9,0,fixed_defect,20.2,Branch_C,0
74.0,male,typical_angina,141.0,205.0,no,st_t_abnormality,202.0,yes,2.6,0,reversible_defect,23.2,Branch_C,1
54.0,male,asymptomatic,127.0,291.0,no,lv_hypertrophy,178.0,no,0.3,0,reversible_defect,30.9,Branch_O,1
58.0,female,asymptomatic,128.0,,yes,st_t_abnormality,137.0,no,1.1,3,normal,27.3,Branch_O,0
69.0,male,typical_angina,153.0,266.0,no,normal,164.0,no,0.2,3,normal,31.3,Branch_J,0
55.0,male,typical_angina,118.0,380.0,no,st_t_abnormality,165.0,no,0.9,0,fixed_defect,27.0,Branch_K,1
45.0,male,asymptomatic,133.0,168.0,yes,normal,129.0,no,1.5,1,normal,24.9,Branch_C,0
53.0,male,non_anginal_pain,147.0,233.0,no,st_t_abnormality,121.0,yes,6.2,1,,26.5,Branch_A,1
54.0,male,typical_angina,145.0,246.0,no,st_t_abnormality,149.0,no,0.7,1,reversible_defect,16.8,Branch_F,1
42.0,female,asymptomatic,128.0,222.0,no,normal,169.0,no,3.3,0,normal,22.4,Branch_O,0
52.0,female,non_anginal_pain,126.0,,yes,normal,113.0,no,2.0,1,,31.8,Branch_H,1
47.0,male,asymptomatic,101.0,271.0,no,lv_hypertrophy,133.0,no,1.2,2,fixed_defect,32.9,Branch_M,0
62.0,male,asymptomatic,113.0,254.0,yes,lv_hypertrophy,163.0,no,0.6,0,normal,33.8,Branch_F,1
54.0,male,asymptomatic,136.0,287.0,no,st_t_abnormality,151.0,no,2.0,0,normal,29.5,Branch_E,1
51.0,female,non_anginal_pain,129.0,247.0,no,lv_hypertrophy,183.0,no,2.6,0,normal,17.3,Branch_M,0
53.0,male,atypical_angina,132.0,411.0,no,lv_hypertrophy,118.0,no,0.5,3,normal,24.6,Branch_H,1
56.0,male,non_anginal_pain,149.0,254.0,no,normal,202.0,no,0.9,0,normal,33.5,Branch_K,0
60.0,male,typical_angina,111.0,256.0,no,st_t_abnormality,115.0,no,1.0,0,reversible_defect,34.8,Branch_K,1
45.0,female,asymptomatic,127.0,157.0,no,normal,103.0,no,3.1,0,normal,33.6,Branch_K,0
45.0,male,typical_angina,134.0,218.0,no,normal,149.0,no,0.7,2,normal,26.4,Branch_K,1
64.0,female,non_anginal_pain,119.0,306.0,no,,124.0,no,1.1,1,fixed_defect,21.6,Branch_M,1
50.0,male,typical_angina,155.0,177.0,no,lv_hypertrophy,149.0,yes,4.2,0,normal,27.3,Branch_G,1
41.0,female,atypical_angina,146.0,134.0,no,,148.0,yes,2.3,0,normal,27.6,Branch_E,0
58.0,male,atypical_angina,,248.0,no,normal,145.0,no,0.2,2,normal,34.5,Branch_H,1
58.0,male,non_anginal_pain,162.0,317.0,no,normal,131.0,yes,1.1,0,normal,28.5,Branch_E,0
40.0,female,asymptomatic,106.0,248.0,no,normal,160.0,no,2.9,0,normal,27.6,Branch_A,0
56.0,female,typical_angina,131.0,229.0,no,st_t_abnormality,143.0,no,0.7,3,normal,27.8,Branch_F,0
61.0,male,asymptomatic,137.0,149.0,yes,lv_hypertrophy,175.0,no,1.2,0,reversible_defect,29.3,Branch_H,1
57.0,male,asymptomatic,115.0,270.0,no,normal,146.0,no,3.0,0,,,Branch_H,0
60.0,male,atypical_angina,136.0,280.0,no,normal,128.0,no,0.9,0,reversible_defect,24.2,Branch_F,0
41.0,male,asymptomatic,112.0,153.0,no,st_t_abnormality,111.0,no,1.7,1,normal,22.7,Branch_K,0
57.0,male,non_anginal_pain,143.0,305.0,no,normal,146.0,yes,0.1,2,,33.7,Branch_E,1
51.0,female,atypical_angina,149.0,286.0,no,st_t_abnormality,121.0,no,1.0,0,fixed_defect,20.1,Branch_J,0
50.0,male,non_anginal_pain,136.0,305.0,no,normal,119.0,yes,0.2,1,,34.9,Branch_E,1
62.0,female,typical_angina,100.0,276.0,no,normal,162.0,no,1.2,3,reversible_defect,18.9,Branch_O,1
67.0,male,asymptomatic,115.0,280.0,no,normal,109.0,no,0.4,2,reversible_defect,24.9,Branch_J,1
70.0,male,asymptomatic,141.0,273.0,no,lv_hypertrophy,182.0,no,0.2,0,normal,31.9,Branch_I,1
66.0,male,asymptomatic,131.0,291.0,no,normal,154.0,no,0.8,0,reversible_defect,27.5,Branch_G,1
53.0,male,non_anginal_pain,94.0,151.0,no,normal,149.0,no,1.6,2,normal,21.6,Branch_L,0
57.0,male,non_anginal_pain,152.0,168.0,no,st_t_abnormality,126.0,no,2.4,0,normal,29.4,Branch_G,0
61.0,male,asymptomatic,133.0,208.0,no,lv_hypertrophy,168.0,no,0.3,0,normal,27.8,Branch_M,1
55.0,female,atypical_angina,117.0,239.0,no,normal,150.0,no,0.3,0,normal,26.5,Branch_C,0
55.0,female,typical_angina,148.0,266.0,no,normal,134.0,yes,6.2,2,reversible_defect,24.7,Branch_M,1
61.0,female,non_anginal_pain,119.0,263.0,no,st_t_abnormality,155.0,no,0.9,0,fixed_defect,27.3,Branch_O,1
53.0,male,atypical_angina,119.0,304.0,no,normal,111.0,yes,0.5,0,normal,24.9,Branch_D,1
47.0,male,atypical_angina,137.0,306.0,no,st_t_abnormality,112.0,no,0.2,1,reversible_defect,38.5,Branch_D,0
50.0,male,typical_angina,161.0,201.0,no,normal,124.0,no,1.4,0,reversible_defect,26.4,Branch_O,1
60.0,male,non_anginal_pain,,258.0,no,normal,158.0,yes,0.5,0,reversible_defect,25.8,Branch_G,0
54.0,male,atypical_angina,137.0,202.0,yes,normal,150.0,no,0.9,0,reversible_defect,25.1,Branch_K,0
57.0,male,atypical_angina,139.0,236.0,no,st_t_abnormality,174.0,yes,0.0,0,,35.5,Branch_C,0
60.0,male,typical_angina,144.0,263.0,no,normal,129.0,yes,0.2,3,fixed_defect,20.1,Branch_G,0
51.0,male,atypical_angina,110.0,126.0,no,normal,163.0,yes,0.1,0,normal,29.1,Branch_K,0
61.0,male,asymptomatic,142.0,,yes,normal,147.0,yes,0.6,2,reversible_defect,26.4,Branch_N,1
57.0,male,atypical_angina,,275.0,no,st_t_abnormality,128.0,no,1.0,0,normal,21.1,Branch_G,0
43.0,male,asymptomatic,136.0,215.0,yes,normal,159.0,no,0.4,0,normal,23.8,Branch_B,0
67.0,male,asymptomatic,127.0,346.0,no,st_t_abnormality,148.0,no,0.3,0,normal,,Branch_G,1
49.0,male,atypical_angina,140.0,228.0,no,st_t_abnormality,136.0,no,0.7,0,normal,23.6,Branch_J,0
39.0,male,asymptomatic,133.0,253.0,no,normal,151.0,no,2.7,0,fixed_defect,28.7,Branch_N,1
45.0,male,asymptomatic,94.0,221.0,yes,lv_hypertrophy,147.0,no,0.7,0,reversible_defect,35.3,Branch_M,1
45.0,female,non_anginal_pain,134.0,332.0,no,lv_hypertrophy,146.0,no,0.3,3,normal,,Branch_L,1
54.0,male,typical_angina,142.0,241.0,no,normal,141.0,yes,0.4,0,fixed_defect,21.0,Branch_C,1
52.0,male,typical_angina,,254.0,no,normal,120.0,no,0.5,3,normal,23.7,Branch_H,1
51.0,female,asymptomatic,129.0,309.0,no,normal,152.0,no,0.1,0,reversible_defect,26.2,Branch_I,1
60.0,male,asymptomatic,159.0,276.0,no,normal,132.0,yes,0.5,0,normal,25.9,Branch_H,1
57.0,female,asymptomatic,136.0,243.0,no,st_t_abnormality,127.0,no,0.6,1,normal,28.2,Branch_N,0
57.0,female,asymptomatic,138.0,304.0,no,lv_hypertrophy,144.0,no,3.1,0,fixed_defect,28.9,Branch_O,0
58.0,male,typical_angina,149.0,378.0,no,lv_hypertrophy,167.0,no,2.5,0,normal,35.3,Branch_D,0
60.0,male,asymptomatic,137.0,263.0,no,normal,154.0,no,0.9,0,normal,27.5,Branch_O,0
35.0,female,non_anginal_pain,116.0,252.0,no,,138.0,no,0.6,0,normal,22.3,Branch_M,0
51.0,female,asymptomatic,94.0,255.0,no,normal,137.0,no,0.3,2,normal,32.7,Branch_K,1
34.0,male,typical_angina,123.0,314.0,yes,st_t_abnormality,165.0,no,0.6,0,reversible_defect,33.2,Branch_F,0
54.0,male,atypical_angina,144.0,215.0,no,normal,95.0,yes,0.1,3,normal,28.5,Branch_L,1
54.0,male,asymptomatic,125.0,232.0,no,lv_hypertrophy,168.0,no,0.3,0,normal,26.4,Branch_I,0
63.0,male,asymptomatic,145.0,166.0,no,lv_hypertrophy,107.0,no,0.9,0,reversible_defect,30.3,Branch_N,0
65.0,female,non_anginal_pain,134.0,184.0,no,normal,117.0,no,3.9,0,reversible_defect,26.6,Branch_K,1
56.0,male,atypical_angina,153.0,219.0,no,st_t_abnormality,138.0,no,2.1,0,,18.2,Branch_O,0
49.0,female,atypical_angina,126.0,243.0,no,st_t_abnormality,200.0,no,2.0,2,reversible_defect,30.0,Branch_G,1
58.0,female,asymptomatic,139.0,338.0,no,lv_hypertrophy,189.0,no,1.2,2,normal,31.5,Branch_B,0
49.0,male,non_anginal_pain,140.0,274.0,no,normal,166.0,yes,4.1,0,normal,34.0,Branch_H,0
54.0,male,non_anginal_pain,157.0,199.0,no,normal,158.0,yes,0.5,0,reversible_defect,24.2,Branch_O,0
63.0,female,non_anginal_pain,102.0,208.0,no,st_t_abnormality,107.0,yes,0.1,2,normal,28.5,Branch_J,0
49.0,female,non_anginal_pain,123.0,317.0,yes,normal,154.0,no,0.2,0,normal,28.6,Branch_K,1
61.0,female,non_anginal_pain,145.0,305.0,no,st_t_abnormality,137.0,yes,0.0,0,reversible_defect,27.9,Branch_J,0
60.0,male,non_anginal_pain,157.0,247.0,no,normal,131.0,no,0.7,0,reversible_defect,28.0,Branch_I,0
45.0,male,asymptomatic,135.0,223.0,no,st_t_abnormality,154.0,no,1.7,0,reversible_defect,27.7,Branch_A,1
63.0,male,asymptomatic,126.0,304.0,yes,lv_hypertrophy,139.0,no,0.5,0,reversible_defect,28.5,Branch_G,0
60.0,female,asymptomatic,144.0,194.0,no,normal,170.0,no,1.7,0,normal,30.8,Branch_B,0
55.0,male,non_anginal_pain,146.0,266.0,no,normal,105.0,no,0.8,2,fixed_defect,33.0,Branch_F,1
47.0,male,non_anginal_pain,125.0,364.0,no,st_t_abnormality,152.0,no,0.3,0,normal,24.1,Branch_K,0
46.0,male,asymptomatic,137.0,257.0,no,normal,130.0,yes,0.6,3,reversible_defect,26.7,Branch_M,1
49.0,male,asymptomatic,151.0,206.0,no,st_t_abnormality,141.0,no,0.0,1,normal,25.6,Branch_D,0
59.0,female,non_anginal_pain,163.0,267.0,no,st_t_abnormality,157.0,yes,0.2,0,normal,25.0,Branch_J,1
45.0,male,asymptomatic,144.0,222.0,yes,normal,124.0,no,2.0,0,normal,20.2,Branch_D,1
58.0,male,asymptomatic,132.0,174.0,no,lv_hypertrophy,154.0,no,1.7,0,,27.6,Branch_D,1
43.0,female,asymptomatic,130.0,,no,st_t_abnormality,145.0,yes,2.4,2,normal,29.7,Branch_O,1
52.0,female,asymptomatic,,304.0,no,st_t_abnormality,135.0,yes,1.2,0,fixed_defect,26.8,Branch_J,0
55.0,male,atypical_angina,129.0,230.0,no,normal,139.0,no,0.2,3,reversible_defect,27.5,Branch_C,0
76.0,male,non_anginal_pain,134.0,226.0,no,normal,146.0,no,4.1,1,,29.4,Branch_C,0
42.0,female,non_anginal_pain,,,no,normal,132.0,no,0.1,1,normal,33.9,Branch_A,0
67.0,female,typical_angina,153.0,238.0,no,lv_hypertrophy,150.0,yes,0.5,0,normal,25.6,Branch_H,1
55.0,male,asymptomatic,,217.0,no,lv_hypertrophy,144.0,yes,0.1,1,reversible_defect,22.2,Branch_B,1
58.0,male,non_anginal_pain,124.0,193.0,no,lv_hypertrophy,136.0,no,0.7,1,fixed_defect,27.1,Branch_I,1
55.0,male,typical_angina,133.0,344.0,no,normal,187.0,no,0.1,1,normal,36.0,Branch_G,0
58.0,male,asymptomatic,165.0,270.0,no,st_t_abnormality,160.0,yes,0.3,0,reversible_defect,22.3,Branch_J,0
53.0,female,asymptomatic,124.0,276.0,no,st_t_abnormality,141.0,no,1.6,1,normal,30.4,Branch_D,0
67.0,male,asymptomatic,120.0,292.0,no,st_t_abnormality,153.0,no,0.3,0,normal,32.7,Branch_C,1
50.0,male,atypical_angina,122.0,286.0,no,normal,126.0,no,0.0,1,normal,16.9,Branch_B,1
64.0,female,asymptomatic,159.0,225.0,no,lv_hypertrophy,140.0,no,1.2,0,normal,29.3,Branch_B,1
48.0,female,non_anginal_pain,94.0,260.0,no,normal,143.0,no,0.5,0,normal,30.2,Branch_B,0
53.0,female,non_anginal_pain,114.0,232.0,no,normal,121.0,no,0.3,1,reversible_defect,26.3,Branch_D,0
44.0,male,typical_angina,177.0,269.0,no,lv_hypertrophy,159.0,no,0.7,0,normal,24.6,Branch_M,0
58.0,male,non_anginal_pain,141.0,264.0,no,normal,138.0,yes,0.5,1,reversible_defect,,Branch_J,1
67.0,male,asymptomatic,112.0,226.0,no,normal,142.0,yes,1.7,1,reversible_defect,26.0,Branch_D,1
53.0,male,non_anginal_pain,130.0,177.0,no,st_t_abnormality,137.0,no,1.0,1,reversible_defect,26.1,Branch_N,1
52.0,male,non_anginal_pain,132.0,254.0,no,lv_hypertrophy,202.0,no,0.5,1,,25.3,Branch_L,0
44.0,male,asymptomatic,145.0,235.0,no,normal,135.0,no,0.1,0,reversible_defect,25.9,Branch_L,0
52.0,male,asymptomatic,162.0,148.0,no,st_t_abnormality,102.0,yes,0.3,0,normal,32.9,Branch_N,1
40.0,female,atypical_angina,138.0,272.0,no,normal,113.0,yes,0.8,1,reversible_defect,22.0,Branch_L,1
46.0,female,asymptomatic,122.0,296.0,yes,normal,167.0,yes,1.5,0,normal,19.6,Branch_O,1
56.0,male,asymptomatic,144.0,377.0,no,normal,181.0,no,1.3,0,reversible_defect,32.9,Branch_E,0
66.0,male,asymptomatic,119.0,226.0,no,st_t_abnormality,134.0,no,0.6,0,normal,26.6,Branch_M,0
79.0,male,asymptomatic,113.0,218.0,no,normal,179.0,no,1.7,0,fixed_defect,25.8,Branch_B,1
49.0,male,asymptomatic,101.0,188.0,no,normal,167.0,no,0.3,3,normal,27.0,Branch_E,0
67.0,male,asymptomatic,104.0,257.0,no,st_t_abnormality,146.0,yes,0.1,0,normal,28.4,Branch_N,1
56.0,male,non_anginal_pain,116.0,257.0,yes,st_t_abnormality,144.0,no,1.6,0,fixed_defect,25.1,Branch_C,0
53.0,female,atypical_angina,111.0,204.0,yes,st_t_abnormality,154.0,yes,1.5,3,normal,29.8,Branch_H,0
58.0,male,non_anginal_pain,136.0,237.0,no,lv_hypertrophy,170.0,yes,0.2,3,reversible_defect,23.2,Branch_F,0
55.0,female,asymptomatic,111.0,143.0,no,normal,159.0,no,0.3,0,reversible_defect,26.1,Branch_B,0
55.0,male,non_anginal_pain,94.0,294.0,no,normal,134.0,no,2.8,2,fixed_defect,17.5,Branch_D,1
50.0,male,asymptomatic,113.0,206.0,no,normal,146.0,yes,1.5,0,reversible_defect,32.8,Branch_I,0
41.0,male,typical_angina,123.0,244.0,no,st_t_abnormality,196.0,yes,0.3,2,reversible_defect,26.7,Branch_J,0
40.0,male,atypical_angina,121.0,172.0,no,normal,156.0,no,0.3,0,reversible_defect,30.5,Branch_K,0
60.0,male,non_anginal_pain,157.0,216.0,no,normal,170.0,yes,2.9,0,normal,,Branch_B,1
52.0,female,non_anginal_pain,121.0,231.0,yes,normal,162.0,no,1.3,0,fixed_defect,30.0,Branch_E,0
49.0,male,typical_angina,146.0,245.0,no,normal,156.0,no,0.1,1,reversible_defect,27.5,Branch_B,1
54.0,male,atypical_angina,131.0,271.0,no,lv_hypertrophy,153.0,yes,0.1,0,normal,29.2,Branch_A,0
61.0,male,asymptomatic,130.0,321.0,no,st_t_abnormality,171.0,yes,0.6,0,normal,23.2,Branch_F,0
56.0,male,non_anginal_pain,117.0,284.0,no,normal,167.0,yes,1.4,1,normal,22.2,Branch_J,0
48.0,male,typical_angina,130.0,296.0,no,st_t_abnormality,156.0,no,0.9,0,fixed_defect,27.0,Branch_F,1
65.0,male,typical_angina,118.0,321.0,no,st_t_abnormality,134.0,no,0.5,2,normal,24.4,Branch_A,1
68.0,female,non_anginal_pain,134.0,276.0,no,normal,159.0,no,1.8,0,reversible_defect,33.9,Branch_D,0
58.0,male,atypical_angina,127.0,244.0,no,normal,148.0,yes,0.9,0,fixed_defect,29.2,Branch_G,1
63.0,male,asymptomatic,115.0,298.0,no,st_t_abnormality,143.0,no,1.4,0,reversible_defect,24.3,Branch_F,1
65.0,female,asymptomatic,148.0,302.0,no,normal,202.0,yes,0.0,0,normal,26.3,Branch_M,1
64.0,female,atypical_angina,138.0,,no,st_t_abnormality,115.0,yes,1.4,0,reversible_defect,28.1,Branch_I,1
60.0,male,non_anginal_pain,123.0,170.0,yes,st_t_abnormality,172.0,no,1.9,0,reversible_defect,27.2,Branch_O,1
59.0,male,atypical_angina,133.0,202.0,no,st_t_abnormality,130.0,no,2.6,1,normal,28.7,Branch_C,0
59.0,male,atypical_angina,130.0,232.0,no,lv_hypertrophy,153.0,yes,0.5,0,normal,27.8,Branch_F,0
44.0,male,asymptomatic,116.0,287.0,no,st_t_abnormality,202.0,no,1.7,0,normal,21.2,Branch_B,0
60.0,male,non_anginal_pain,132.0,245.0,no,st_t_abnormality,128.0,no,0.2,2,reversible_defect,17.8,Branch_A,1
42.0,female,asymptomatic,120.0,305.0,no,normal,133.0,yes,1.6,0,normal,25.8,Branch_N,1
47.0,male,atypical_angina,115.0,314.0,yes,st_t_abnormality,150.0,yes,0.1,1,normal,30.0,Branch_H,1
66.0,female,atypical_angina,103.0,,no,lv_hypertrophy,131.0,no,2.3,2,normal,25.9,Branch_J,1
62.0,male,non_anginal_pain,125.0,309.0,no,lv_hypertrophy,170.0,yes,1.6,0,normal,33.1,Branch_E,0
67.0,female,non_anginal_pain,141.0,192.0,no,lv_hypertrophy,138.0,no,0.1,1,normal,27.3,Branch_A,1
52.0,female,asymptomatic,119.0,,no,normal,165.0,no,0.3,3,reversible_defect,33.6,Branch_N,0
44.0,male,typical_angina,174.0,214.0,yes,st_t_abnormality,119.0,no,0.1,0,normal,32.7,Branch_J,1
52.0,male,asymptomatic,146.0,160.0,no,lv_hypertrophy,108.0,no,1.2,3,reversible_defect,32.2,Branch_K,1
55.0,male,asymptomatic,153.0,231.0,no,st_t_abnormality,145.0,no,2.3,0,,22.1,Branch_I,0
55.0,female,non_anginal_pain,145.0,315.0,no,st_t_abnormality,114.0,no,1.1,1,normal,27.6,Branch_G,1
64.0,male,atypical_angina,162.0,270.0,no,st_t_abnormality,185.0,yes,0.3,0,reversible_defect,33.0,Branch_G,0
51.0,male,non_anginal_pain,118.0,,no,st_t_abnormality,115.0,yes,0.6,0,reversible_defect,28.7,Branch_L,1
57.0,male,atypical_angina,94.0,255.0,no,normal,126.0,no,3.0,3,reversible_defect,30.0,Branch_D,0
45.0,female,asymptomatic,123.0,373.0,no,normal,160.0,yes,2.1,0,normal,21.3,Branch_F,0
58.0,male,non_anginal_pain,140.0,255.0,yes,lv_hypertrophy,137.0,yes,1.6,3,normal,36.1,Branch_E,1
54.0,male,asymptomatic,134.0,247.0,no,lv_hypertrophy,115.0,no,1.6,1,reversible_defect,23.9,Branch_H,1
47.0,female,non_anginal_pain,136.0,179.0,no,lv_hypertrophy,197.0,no,6.2,3,normal,18.5,Branch_O,0
52.0,male,non_anginal_pain,153.0,304.0,no,normal,127.0,yes,0.4,3,reversible_defect,25.9,Branch_N,1
52.0,female,asymptomatic,137.0,220.0,no,normal,145.0,no,1.7,1,normal,16.5,Branch_I,1
52.0,male,non_anginal_pain,145.0,212.0,no,normal,145.0,no,0.2,3,normal,22.6,Branch_D,0
70.0,male,asymptomatic,115.0,313.0,no,lv_hypertrophy,166.0,no,0.5,2,reversible_defect,,Branch_O,1
53.0,female,atypical_angina,112.0,306.0,no,st_t_abnormality,161.0,yes,0.6,0,reversible_defect,25.8,Branch_E,0
52.0,male,asymptomatic,158.0,305.0,yes,lv_hypertrophy,131.0,no,0.2,1,,21.1,Branch_F,1
35.0,female,asymptomatic,133.0,227.0,no,normal,143.0,yes,0.8,0,reversible_defect,27.6,Branch_N,0
46.0,male,asymptomatic,120.0,243.0,yes,st_t_abnormality,145.0,no,1.2,0,normal,23.5,Branch_D,0
52.0,male,non_anginal_pain,120.0,243.0,yes,st_t_abnormality,167.0,no,1.3,0,fixed_defect,31.4,Branch_G,0
48.0,male,asymptomatic,120.0,287.0,no,normal,123.0,yes,1.7,0,reversible_defect,23.5,Branch_N,0
66.0,male,atypical_angina,119.0,327.0,no,lv_hypertrophy,196.0,no,0.7,0,normal,28.7,Branch_E,1
53.0,male,asymptomatic,109.0,265.0,no,st_t_abnormality,133.0,no,0.8,0,normal,22.3,Branch_J,0
66.0,male,typical_angina,105.0,349.0,no,normal,150.0,no,0.3,1,reversible_defect,39.2,Branch_A,1
55.0,male,atypical_angina,128.0,293.0,no,normal,123.0,no,2.7,1,normal,,Branch_O,0
54.0,male,non_anginal_pain,121.0,234.0,no,lv_hypertrophy,120.0,no,0.4,2,reversible_defect,26.8,Branch_G,1
53.0,male,atypical_angina,150.0,289.0,no,st_t_abnormality,130.0,no,0.1,3,normal,26.2,Branch_K,0
54.0,male,atypical_angina,136.0,335.0,no,st_t_abnormality,128.0,no,0.6,2,reversible_defect,25.0,Branch_H,1
69.0,female,asymptomatic,136.0,350.0,no,st_t_abnormality,140.0,yes,0.9,1,fixed_defect,24.1,Branch_G,1
33.0,male,atypical_angina,118.0,308.0,no,normal,127.0,no,2.9,0,reversible_defect,24.0,Branch_G,1
36.0,male,asymptomatic,129.0,247.0,no,st_t_abnormality,166.0,no,0.2,3,reversible_defect,35.1,Branch_A,0
49.0,female,typical_angina,137.0,,no,lv_hypertrophy,132.0,no,1.0,0,normal,25.0,Branch_E,0
54.0,female,asymptomatic,143.0,276.0,no,normal,129.0,no,0.6,0,fixed_defect,17.9,Branch_F,1
60.0,male,asymptomatic,129.0,333.0,no,st_t_abnormality,141.0,no,0.1,0,reversible_defect,22.3,Branch_F,1
58.0,male,non_anginal_pain,149.0,269.0,no,normal,173.0,no,0.7,1,reversible_defect,31.7,Branch_E,0
51.0,male,asymptomatic,131.0,270.0,no,normal,155.0,yes,0.1,1,reversible_defect,26.4,Branch_J,1
63.0,male,asymptomatic,144.0,249.0,no,normal,148.0,yes,1.4,0,fixed_defect,26.9,Branch_M,0
63.0,female,asymptomatic,123.0,229.0,no,lv_hypertrophy,117.0,no,0.1,2,fixed_defect,32.8,Branch_N,1
56.0,female,atypical_angina,100.0,238.0,no,normal,124.0,yes,0.7,0,fixed_defect,24.0,Branch_O,0
63.0,male,non_anginal_pain,136.0,253.0,no,normal,121.0,yes,0.6,0,fixed_defect,30.3,Branch_J,1
56.0,female,asymptomatic,143.0,335.0,no,st_t_abnormality,180.0,yes,3.2,0,fixed_defect,24.5,Branch_G,0
49.0,male,atypical_angina,141.0,234.0,no,normal,162.0,no,0.7,0,normal,30.1,Branch_J,0
60.0,male,asymptomatic,138.0,249.0,no,st_t_abnormality,130.0,no,0.3,2,normal,25.7,Branch_B,1
55.0,female,atypical_angina,125.0,201.0,no,lv_hypertrophy,137.0,no,1.1,0,fixed_defect,26.4,Branch_M,1
54.0,male,asymptomatic,117.0,,no,normal,131.0,yes,0.1,0,normal,31.2,Branch_I,0
67.0,male,typical_angina,140.0,317.0,no,normal,130.0,no,0.5,0,normal,30.9,Branch_C,1
32.0,male,typical_angina,138.0,330.0,no,lv_hypertrophy,161.0,yes,0.3,2,normal,26.8,Branch_G,0
41.0,female,asymptomatic,121.0,257.0,no,normal,143.0,no,6.2,3,reversible_defect,25.4,Branch_E,0
43.0,male,asymptomatic,150.0,276.0,yes,normal,198.0,no,0.2,1,reversible_defect,34.7,Branch_F,0
51.0,male,asymptomatic,116.0,238.0,no,lv_hypertrophy,179.0,yes,3.1,1,fixed_defect,30.2,Branch_A,1
52.0,male,asymptomatic,121.0,273.0,no,,180.0,no,0.2,3,reversible_defect,25.7,Branch_A,0
40.0,male,non_anginal_pain,159.0,262.0,no,st_t_abnormality,165.0,no,0.5,0,reversible_defect,24.6,Branch_F,0
45.0,male,atypical_angina,,249.0,yes,st_t_abnormality,140.0,no,0.2,0,normal,32.1,Branch_E,0
46.0,female,typical_angina,125.0,253.0,no,lv_hypertrophy,164.0,yes,1.3,0,normal,28.0,Branch_O,1
76.0,female,non_anginal_pain,,269.0,no,st_t_abnormality,142.0,no,1.7,0,normal,26.8,Branch_D,0
70.0,female,atypical_angina,134.0,231.0,no,st_t_abnormality,187.0,no,0.3,0,normal,28.0,Branch_E,0
50.0,female,asymptomatic,94.0,233.0,yes,lv_hypertrophy,159.0,no,1.1,0,fixed_defect,29.0,Branch_N,0
51.0,male,typical_angina,116.0,335.0,no,st_t_abnormality,156.0,no,1.2,0,normal,,Branch_M,0
44.0,male,typical_angina,130.0,387.0,yes,st_t_abnormality,153.0,yes,0.6,0,reversible_defect,32.9,Branch_A,0
37.0,male,atypical_angina,125.0,183.0,no,normal,190.0,no,1.0,0,fixed_defect,,Branch_B,0
53.0,male,atypical_angina,135.0,181.0,no,st_t_abnormality,117.0,no,0.6,0,normal,29.9,Branch_B,0
45.0,female,atypical_angina,150.0,196.0,no,st_t_abnormality,192.0,no,2.3,2,reversible_defect,33.7,Branch_G,1
53.0,female,asymptomatic,126.0,,no,normal,146.0,yes,0.3,1,reversible_defect,27.5,Branch_I,1
40.0,female,atypical_angina,113.0,293.0,no,normal,118.0,yes,0.2,0,reversible_defect,30.6,Branch_F,1
47.0,male,non_anginal_pain,137.0,277.0,no,lv_hypertrophy,133.0,yes,1.2,0,reversible_defect,,Branch_A,0
55.0,male,asymptomatic,125.0,255.0,yes,normal,112.0,no,0.7,0,reversible_defect,32.1,Branch_D,0
57.0,male,non_anginal_pain,128.0,274.0,no,normal,165.0,no,1.3,0,fixed_defect,31.6,Branch_J,0
58.0,male,asymptomatic,,210.0,no,normal,126.0,no,0.2,0,reversible_defect,30.3,Branch_F,1
42.0,male,atypical_angina,169.0,233.0,no,normal,154.0,no,0.7,0,normal,36.3,Branch_B,0
62.0,male,atypical_angina,94.0,,no,st_t_abnormality,176.0,yes,0.0,2,fixed_defect,25.1,Branch_J,1
47.0,male,atypical_angina,124.0,164.0,no,normal,135.0,no,0.5,2,normal,26.8,Branch_J,0
60.0,female,asymptomatic,131.0,186.0,no,normal,144.0,yes,0.5,2,normal,26.5,Branch_H,0
54.0,male,non_anginal_pain,118.0,188.0,no,lv_hypertrophy,120.0,yes,0.6,1,,25.8,Branch_O,0
42.0,male,atypical_angina,146.0,286.0,no,normal,141.0,yes,1.2,1,normal,18.6,Branch_M,1
51.0,female,non_anginal_pain,145.0,259.0,yes,normal,202.0,yes,0.0,1,normal,33.7,Branch_A,1
57.0,male,asymptomatic,130.0,278.0,no,lv_hypertrophy,168.0,no,4.3,2,normal,22.9,Branch_N,0
60.0,female,asymptomatic,126.0,150.0,yes,st_t_abnormality,144.0,no,0.8,1,,28.3,Branch_A,0
53.0,female,non_anginal_pain,129.0,169.0,no,st_t_abnormality,136.0,yes,2.7,1,reversible_defect,21.1,Branch_H,0
68.0,male,asymptomatic,129.0,280.0,no,lv_hypertrophy,149.0,yes,0.4,2,fixed_defect,30.3,Branch_N,1
63.0,female,asymptomatic,130.0,126.0,no,lv_hypertrophy,153.0,no,0.2,1,reversible_defect,24.0,Branch_O,1
52.0,male,non_anginal_pain,128.0,310.0,yes,normal,140.0,yes,0.2,0,normal,22.4,Branch_A,1
61.0,female,atypical_angina,135.0,151.0,no,st_t_abnormality,162.0,no,1.4,0,,28.4,Branch_B,0
71.0,female,typical_angina,144.0,290.0,no,st_t_abnormality,128.0,no,0.2,0,normal,24.3,Branch_D,0
72.0,female,asymptomatic,110.0,200.0,no,normal,128.0,no,1.5,0,normal,24.9,Branch_E,0
43.0,male,non_anginal_pain,113.0,301.0,no,lv_hypertrophy,159.0,no,0.0,0,normal,28.3,Branch_E,0
46.0,male,non_anginal_pain,101.0,413.0,no,normal,123.0,no,1.2,0,,31.1,Branch_G,0
67.0,female,non_anginal_pain,146.0,128.0,yes,lv_hypertrophy,167.0,no,0.1,0,reversible_defect,23.8,Branch_E,0
44.0,female,typical_angina,135.0,282.0,no,st_t_abnormality,150.0,no,1.1,3,reversible_defect,23.0,Branch_I,1
